bloop1,TSF,Season,SiteName,toposd15_var_2,FocalSt_TWI15_2
DNENEE20171,UNB,NA,Thin Loamy,0.684239,1.539515
DNENEE20172,UNB,NA,Thin Loamy,0.684239,1.539515
DNENEE20173,UNB,NA,Thin Loamy,0.684239,1.539515
DNENEE20174,UNB,NA,Thin Loamy,0.684239,1.539515
DNENEE20181,UNB,NA,Thin Loamy,0.684239,1.539515
DNENEE20182,UNB,NA,Thin Loamy,0.684239,1.539515
DNENEE20183,UNB,NA,Thin Loamy,0.684239,1.539515
DNENEE20184,UNB,NA,Thin Loamy,0.684239,1.539515
DNENEE20191,UNB,NA,Thin Loamy,0.684239,1.539515
DNENEE20192,UNB,NA,Thin Loamy,0.684239,1.539515
DNENEE20193,UNB,NA,Thin Loamy,0.684239,1.539515
DNENEE20194,UNB,NA,Thin Loamy,0.684239,1.539515
DNENEE20201,UNB,NA,Thin Loamy,0.684239,1.539515
DNENEE20202,UNB,NA,Thin Loamy,0.684239,1.539515
DNENEE20203,UNB,NA,Thin Loamy,0.684239,1.539515
DNENEE20204,UNB,NA,Thin Loamy,0.684239,1.539515
DNENEW20171,UNB,NA,Thin Loamy,6.465719,-0.507872
DNENEW20172,UNB,NA,Thin Loamy,6.465719,-0.507872
DNENEW20173,UNB,NA,Thin Loamy,6.465719,-0.507872
DNENEW20174,UNB,NA,Thin Loamy,6.465719,-0.507872
DNENEW20181,0,SPRING,Thin Loamy,6.465719,-0.507872
DNENEW20182,0,SPRING,Thin Loamy,6.465719,-0.507872
DNENEW20183,0,SPRING,Thin Loamy,6.465719,-0.507872
DNENEW20184,0,SPRING,Thin Loamy,6.465719,-0.507872
DNENEW20191,1,SPRING,Thin Loamy,6.465719,-0.507872
DNENEW20192,1,SPRING,Thin Loamy,6.465719,-0.507872
DNENEW20193,1,SPRING,Thin Loamy,6.465719,-0.507872
DNENEW20194,1,SPRING,Thin Loamy,6.465719,-0.507872
DNENEW20201,2,SPRING,Thin Loamy,6.465719,-0.507872
DNENEW20202,2,SPRING,Thin Loamy,6.465719,-0.507872
DNENEW20203,2,SPRING,Thin Loamy,6.465719,-0.507872
DNENEW20204,2,SPRING,Thin Loamy,6.465719,-0.507872
DNENWE20171,UNB,NA,Thin Loamy,11.79372,0.245933
DNENWE20172,UNB,NA,Thin Loamy,11.79372,0.245933
DNENWE20173,UNB,NA,Thin Loamy,11.79372,0.245933
DNENWE20174,UNB,NA,Thin Loamy,11.79372,0.245933
DNENWE20181,UNB,NA,Thin Loamy,11.79372,0.245933
DNENWE20182,UNB,NA,Thin Loamy,11.79372,0.245933
DNENWE20183,UNB,NA,Thin Loamy,11.79372,0.245933
DNENWE20184,UNB,NA,Thin Loamy,11.79372,0.245933
DNENWE20191,UNB,NA,Thin Loamy,11.79372,0.245933
DNENWE20192,UNB,NA,Thin Loamy,11.79372,0.245933
DNENWE20193,UNB,NA,Thin Loamy,11.79372,0.245933
DNENWE20194,UNB,NA,Thin Loamy,11.79372,0.245933
DNENWE20201,UNB,NA,Thin Loamy,11.79372,0.245933
DNENWE20202,UNB,NA,Thin Loamy,11.79372,0.245933
DNENWE20203,UNB,NA,Thin Loamy,11.79372,0.245933
DNENWE20204,UNB,NA,Thin Loamy,11.79372,0.245933
DNENWW20171,UNB,NA,Thin Loamy,0.583643,1.956855
DNENWW20172,UNB,NA,Thin Loamy,0.583643,1.956855
DNENWW20173,UNB,NA,Thin Loamy,0.583643,1.956855
DNENWW20174,UNB,NA,Thin Loamy,0.583643,1.956855
DNENWW20181,UNB,NA,Thin Loamy,0.583643,1.956855
DNENWW20182,UNB,NA,Thin Loamy,0.583643,1.956855
DNENWW20183,UNB,NA,Thin Loamy,0.583643,1.956855
DNENWW20184,UNB,NA,Thin Loamy,0.583643,1.956855
DNENWW20191,UNB,NA,Thin Loamy,0.583643,1.956855
DNENWW20192,UNB,NA,Thin Loamy,0.583643,1.956855
DNENWW20193,UNB,NA,Thin Loamy,0.583643,1.956855
DNENWW20194,UNB,NA,Thin Loamy,0.583643,1.956855
DNENWW20201,0,SPRING,Thin Loamy,0.583643,1.956855
DNENWW20202,0,SPRING,Thin Loamy,0.583643,1.956855
DNENWW20203,0,SPRING,Thin Loamy,0.583643,1.956855
DNENWW20204,0,SPRING,Thin Loamy,0.583643,1.956855
DNESEE20171,0,SPRING,Very Shallow,2.176658,1.189263
DNESEE20172,0,SPRING,Very Shallow,2.176658,1.189263
DNESEE20173,0,SPRING,Very Shallow,2.176658,1.189263
DNESEE20174,0,SPRING,Very Shallow,2.176658,1.189263
DNESEE20181,1,SPRING,Very Shallow,2.176658,1.189263
DNESEE20182,1,SPRING,Very Shallow,2.176658,1.189263
DNESEE20183,1,SPRING,Very Shallow,2.176658,1.189263
DNESEE20184,1,SPRING,Very Shallow,2.176658,1.189263
DNESEE20191,2,SPRING,Very Shallow,2.176658,1.189263
DNESEE20192,2,SPRING,Very Shallow,2.176658,1.189263
DNESEE20193,2,SPRING,Very Shallow,2.176658,1.189263
DNESEE20194,2,SPRING,Very Shallow,2.176658,1.189263
DNESEE20201,3,SPRING,Very Shallow,2.176658,1.189263
DNESEE20202,3,SPRING,Very Shallow,2.176658,1.189263
DNESEE20203,3,SPRING,Very Shallow,2.176658,1.189263
DNESEE20204,3,SPRING,Very Shallow,2.176658,1.189263
DNESEW20171,UNB,FALL,Very Shallow,1.385374,1.567624
DNESEW20172,UNB,FALL,Very Shallow,1.385374,1.567624
DNESEW20173,UNB,FALL,Very Shallow,1.385374,1.567624
DNESEW20174,UNB,FALL,Very Shallow,1.385374,1.567624
DNESEW20181,0,FALL,Very Shallow,1.385374,1.567624
DNESEW20182,0,FALL,Very Shallow,1.385374,1.567624
DNESEW20183,0,FALL,Very Shallow,1.385374,1.567624
DNESEW20184,0,FALL,Very Shallow,1.385374,1.567624
DNESEW20191,1,FALL,Very Shallow,1.385374,1.567624
DNESEW20192,1,FALL,Very Shallow,1.385374,1.567624
DNESEW20193,1,FALL,Very Shallow,1.385374,1.567624
DNESEW20194,1,FALL,Very Shallow,1.385374,1.567624
DNESEW20201,2,FALL,Very Shallow,1.385374,1.567624
DNESEW20202,2,FALL,Very Shallow,1.385374,1.567624
DNESEW20203,2,FALL,Very Shallow,1.385374,1.567624
DNESEW20204,2,FALL,Very Shallow,1.385374,1.567624
DNESWE20171,UNB,NA,Very Shallow,1.455206,1.739191
DNESWE20172,UNB,NA,Very Shallow,1.455206,1.739191
DNESWE20173,UNB,NA,Very Shallow,1.455206,1.739191
DNESWE20174,UNB,NA,Very Shallow,1.455206,1.739191
DNESWE20181,UNB,NA,Very Shallow,1.455206,1.739191
DNESWE20182,UNB,NA,Very Shallow,1.455206,1.739191
DNESWE20183,UNB,NA,Very Shallow,1.455206,1.739191
DNESWE20184,UNB,NA,Very Shallow,1.455206,1.739191
DNESWE20191,UNB,NA,Very Shallow,1.455206,1.739191
DNESWE20192,UNB,NA,Very Shallow,1.455206,1.739191
DNESWE20193,UNB,NA,Very Shallow,1.455206,1.739191
DNESWE20194,UNB,NA,Very Shallow,1.455206,1.739191
DNESWE20201,UNB,NA,Very Shallow,1.455206,1.739191
DNESWE20202,UNB,NA,Very Shallow,1.455206,1.739191
DNESWE20203,UNB,NA,Very Shallow,1.455206,1.739191
DNESWE20204,UNB,NA,Very Shallow,1.455206,1.739191
DNESWW20171,UNB,NA,Sandy,0.45008,1.673518
DNESWW20172,UNB,NA,Sandy,0.45008,1.673518
DNESWW20173,UNB,NA,Sandy,0.45008,1.673518
DNESWW20174,UNB,NA,Sandy,0.45008,1.673518
DNESWW20181,UNB,NA,Sandy,0.45008,1.673518
DNESWW20182,UNB,NA,Sandy,0.45008,1.673518
DNESWW20183,UNB,NA,Sandy,0.45008,1.673518
DNESWW20184,UNB,NA,Sandy,0.45008,1.673518
DNESWW20191,0,SPRING,Sandy,0.45008,1.673518
DNESWW20192,0,SPRING,Sandy,0.45008,1.673518
DNESWW20193,0,SPRING,Sandy,0.45008,1.673518
DNESWW20194,0,SPRING,Sandy,0.45008,1.673518
DNESWW20201,1,SPRING,Sandy,0.45008,1.673518
DNESWW20202,1,SPRING,Sandy,0.45008,1.673518
DNESWW20203,1,SPRING,Sandy,0.45008,1.673518
DNESWW20204,1,SPRING,Sandy,0.45008,1.673518
DNWNEE20171,UNB,NA,Very Shallow,2.421434,1.168858
DNWNEE20172,UNB,NA,Very Shallow,2.421434,1.168858
DNWNEE20173,UNB,NA,Very Shallow,2.421434,1.168858
DNWNEE20174,UNB,NA,Very Shallow,2.421434,1.168858
DNWNEE20181,UNB,NA,Very Shallow,2.421434,1.168858
DNWNEE20182,UNB,NA,Very Shallow,2.421434,1.168858
DNWNEE20183,UNB,NA,Very Shallow,2.421434,1.168858
DNWNEE20184,UNB,NA,Very Shallow,2.421434,1.168858
DNWNEE20191,0,SPRING,Very Shallow,2.421434,1.168858
DNWNEE20192,0,SPRING,Very Shallow,2.421434,1.168858
DNWNEE20193,0,SPRING,Very Shallow,2.421434,1.168858
DNWNEE20194,0,SPRING,Very Shallow,2.421434,1.168858
DNWNEE20201,1,SPRING,Very Shallow,2.421434,1.168858
DNWNEE20202,1,SPRING,Very Shallow,2.421434,1.168858
DNWNEE20203,1,SPRING,Very Shallow,2.421434,1.168858
DNWNEE20204,1,SPRING,Very Shallow,2.421434,1.168858
DNWNEW20171,UNB,NA,Very Shallow,0.843302,2.043943
DNWNEW20172,UNB,NA,Very Shallow,0.843302,2.043943
DNWNEW20173,UNB,NA,Very Shallow,0.843302,2.043943
DNWNEW20174,UNB,NA,Very Shallow,0.843302,2.043943
DNWNEW20181,UNB,NA,Very Shallow,0.843302,2.043943
DNWNEW20182,UNB,NA,Very Shallow,0.843302,2.043943
DNWNEW20183,UNB,NA,Very Shallow,0.843302,2.043943
DNWNEW20184,UNB,NA,Very Shallow,0.843302,2.043943
DNWNEW20191,0,SPRING,Very Shallow,0.843302,2.043943
DNWNEW20192,0,SPRING,Very Shallow,0.843302,2.043943
DNWNEW20193,0,SPRING,Very Shallow,0.843302,2.043943
DNWNEW20194,0,SPRING,Very Shallow,0.843302,2.043943
DNWNEW20201,1,SPRING,Very Shallow,0.843302,2.043943
DNWNEW20202,1,SPRING,Very Shallow,0.843302,2.043943
DNWNEW20203,1,SPRING,Very Shallow,0.843302,2.043943
DNWNEW20204,1,SPRING,Very Shallow,0.843302,2.043943
DNWNWE20171,UNB,NA,Very Shallow,3.282874,0.948501
DNWNWE20172,UNB,NA,Very Shallow,3.282874,0.948501
DNWNWE20173,UNB,NA,Very Shallow,3.282874,0.948501
DNWNWE20174,UNB,NA,Very Shallow,3.282874,0.948501
DNWNWE20181,0,SPRING,Very Shallow,3.282874,0.948501
DNWNWE20182,0,SPRING,Very Shallow,3.282874,0.948501
DNWNWE20183,0,SPRING,Very Shallow,3.282874,0.948501
DNWNWE20184,0,SPRING,Very Shallow,3.282874,0.948501
DNWNWE20191,1,SPRING,Very Shallow,3.282874,0.948501
DNWNWE20192,1,SPRING,Very Shallow,3.282874,0.948501
DNWNWE20193,1,SPRING,Very Shallow,3.282874,0.948501
DNWNWE20194,1,SPRING,Very Shallow,3.282874,0.948501
DNWNWE20201,2,SPRING,Very Shallow,3.282874,0.948501
DNWNWE20202,2,SPRING,Very Shallow,3.282874,0.948501
DNWNWE20203,2,SPRING,Very Shallow,3.282874,0.948501
DNWNWE20204,2,SPRING,Very Shallow,3.282874,0.948501
DNWNWW20171,UNB,NA,Thin Loamy,6.296217,0.821007
DNWNWW20172,UNB,NA,Thin Loamy,6.296217,0.821007
DNWNWW20173,UNB,NA,Thin Loamy,6.296217,0.821007
DNWNWW20174,UNB,NA,Thin Loamy,6.296217,0.821007
DNWNWW20181,0,SPRING,Thin Loamy,6.296217,0.821007
DNWNWW20182,0,SPRING,Thin Loamy,6.296217,0.821007
DNWNWW20183,0,SPRING,Thin Loamy,6.296217,0.821007
DNWNWW20184,0,SPRING,Thin Loamy,6.296217,0.821007
DNWNWW20191,1,SPRING,Thin Loamy,6.296217,0.821007
DNWNWW20192,1,SPRING,Thin Loamy,6.296217,0.821007
DNWNWW20193,1,SPRING,Thin Loamy,6.296217,0.821007
DNWNWW20194,1,SPRING,Thin Loamy,6.296217,0.821007
DNWNWW20201,2,SPRING,Thin Loamy,6.296217,0.821007
DNWNWW20202,2,SPRING,Thin Loamy,6.296217,0.821007
DNWNWW20203,2,SPRING,Thin Loamy,6.296217,0.821007
DNWNWW20204,2,SPRING,Thin Loamy,6.296217,0.821007
DNWSEE20171,UNB,NA,Sandy,0.35235,2.271553
DNWSEE20172,UNB,NA,Sandy,0.35235,2.271553
DNWSEE20173,UNB,NA,Sandy,0.35235,2.271553
DNWSEE20174,UNB,NA,Sandy,0.35235,2.271553
DNWSEE20181,UNB,NA,Sandy,0.35235,2.271553
DNWSEE20182,UNB,NA,Sandy,0.35235,2.271553
DNWSEE20183,UNB,NA,Sandy,0.35235,2.271553
DNWSEE20184,UNB,NA,Sandy,0.35235,2.271553
DNWSEE20191,UNB,NA,Sandy,0.35235,2.271553
DNWSEE20192,UNB,NA,Sandy,0.35235,2.271553
DNWSEE20193,UNB,NA,Sandy,0.35235,2.271553
DNWSEE20194,UNB,NA,Sandy,0.35235,2.271553
DNWSEE20201,0,SPRING,Sandy,0.35235,2.271553
DNWSEE20202,0,SPRING,Sandy,0.35235,2.271553
DNWSEE20203,0,SPRING,Sandy,0.35235,2.271553
DNWSEE20204,0,SPRING,Sandy,0.35235,2.271553
DNWSEW20171,UNB,NA,Thin Loamy,5.671388,0.647905
DNWSEW20172,UNB,NA,Thin Loamy,5.671388,0.647905
DNWSEW20173,UNB,NA,Thin Loamy,5.671388,0.647905
DNWSEW20174,UNB,NA,Thin Loamy,5.671388,0.647905
DNWSEW20181,UNB,NA,Thin Loamy,5.671388,0.647905
DNWSEW20182,UNB,NA,Thin Loamy,5.671388,0.647905
DNWSEW20183,UNB,NA,Thin Loamy,5.671388,0.647905
DNWSEW20184,UNB,NA,Thin Loamy,5.671388,0.647905
DNWSEW20191,UNB,NA,Thin Loamy,5.671388,0.647905
DNWSEW20192,UNB,NA,Thin Loamy,5.671388,0.647905
DNWSEW20193,UNB,NA,Thin Loamy,5.671388,0.647905
DNWSEW20194,UNB,NA,Thin Loamy,5.671388,0.647905
DNWSEW20201,0,SPRING,Thin Loamy,5.671388,0.647905
DNWSEW20202,0,SPRING,Thin Loamy,5.671388,0.647905
DNWSEW20203,0,SPRING,Thin Loamy,5.671388,0.647905
DNWSEW20204,0,SPRING,Thin Loamy,5.671388,0.647905
DNWSWE20171,0,SPRING,Very Shallow,1.036209,1.722674
DNWSWE20172,0,SPRING,Very Shallow,1.036209,1.722674
DNWSWE20173,0,SPRING,Very Shallow,1.036209,1.722674
DNWSWE20174,0,SPRING,Very Shallow,1.036209,1.722674
DNWSWE20181,1,SPRING,Very Shallow,1.036209,1.722674
DNWSWE20182,1,SPRING,Very Shallow,1.036209,1.722674
DNWSWE20183,1,SPRING,Very Shallow,1.036209,1.722674
DNWSWE20184,1,SPRING,Very Shallow,1.036209,1.722674
DNWSWE20191,2,SPRING,Very Shallow,1.036209,1.722674
DNWSWE20192,2,SPRING,Very Shallow,1.036209,1.722674
DNWSWE20193,2,SPRING,Very Shallow,1.036209,1.722674
DNWSWE20194,2,SPRING,Very Shallow,1.036209,1.722674
DNWSWE20201,3,SPRING,Very Shallow,1.036209,1.722674
DNWSWE20202,3,SPRING,Very Shallow,1.036209,1.722674
DNWSWE20203,3,SPRING,Very Shallow,1.036209,1.722674
DNWSWE20204,3,SPRING,Very Shallow,1.036209,1.722674
DNWSWW20171,0,SPRING,Shallow Gravel,0.400253,1.931495
DNWSWW20172,0,SPRING,Shallow Gravel,0.400253,1.931495
DNWSWW20173,0,SPRING,Shallow Gravel,0.400253,1.931495
DNWSWW20174,0,SPRING,Shallow Gravel,0.400253,1.931495
DNWSWW20181,1,SPRING,Shallow Gravel,0.400253,1.931495
DNWSWW20182,1,SPRING,Shallow Gravel,0.400253,1.931495
DNWSWW20183,1,SPRING,Shallow Gravel,0.400253,1.931495
DNWSWW20184,1,SPRING,Shallow Gravel,0.400253,1.931495
DNWSWW20191,2,SPRING,Shallow Gravel,0.400253,1.931495
DNWSWW20192,2,SPRING,Shallow Gravel,0.400253,1.931495
DNWSWW20193,2,SPRING,Shallow Gravel,0.400253,1.931495
DNWSWW20194,2,SPRING,Shallow Gravel,0.400253,1.931495
DNWSWW20201,3,SPRING,Shallow Gravel,0.400253,1.931495
DNWSWW20202,3,SPRING,Shallow Gravel,0.400253,1.931495
DNWSWW20203,3,SPRING,Shallow Gravel,0.400253,1.931495
DNWSWW20204,3,SPRING,Shallow Gravel,0.400253,1.931495
DSENEE20171,UNB,SUMMER,Thin Loamy,0.444878,1.660743
DSENEE20172,UNB,SUMMER,Thin Loamy,0.444878,1.660743
DSENEE20173,UNB,SUMMER,Thin Loamy,0.444878,1.660743
DSENEE20174,UNB,SUMMER,Thin Loamy,0.444878,1.660743
DSENEE20181,0,SUMMER,Thin Loamy,0.444878,1.660743
DSENEE20182,0,SUMMER,Thin Loamy,0.444878,1.660743
DSENEE20183,0,SUMMER,Thin Loamy,0.444878,1.660743
DSENEE20184,0,SUMMER,Thin Loamy,0.444878,1.660743
DSENEE20191,1,SUMMER,Thin Loamy,0.444878,1.660743
DSENEE20192,1,SUMMER,Thin Loamy,0.444878,1.660743
DSENEE20193,1,SUMMER,Thin Loamy,0.444878,1.660743
DSENEE20194,1,SUMMER,Thin Loamy,0.444878,1.660743
DSENEE20201,2,SUMMER,Thin Loamy,0.444878,1.660743
DSENEE20202,2,SUMMER,Thin Loamy,0.444878,1.660743
DSENEE20203,2,SUMMER,Thin Loamy,0.444878,1.660743
DSENEE20204,2,SUMMER,Thin Loamy,0.444878,1.660743
DSENEW20171,0,SPRING,Thin Loamy,0.226298,1.769021
DSENEW20172,0,SPRING,Thin Loamy,0.226298,1.769021
DSENEW20173,0,SPRING,Thin Loamy,0.226298,1.769021
DSENEW20174,0,SPRING,Thin Loamy,0.226298,1.769021
DSENEW20181,1,SPRING,Thin Loamy,0.226298,1.769021
DSENEW20182,1,SPRING,Thin Loamy,0.226298,1.769021
DSENEW20183,1,SPRING,Thin Loamy,0.226298,1.769021
DSENEW20184,1,SPRING,Thin Loamy,0.226298,1.769021
DSENEW20191,2,SPRING,Thin Loamy,0.226298,1.769021
DSENEW20192,2,SPRING,Thin Loamy,0.226298,1.769021
DSENEW20193,2,SPRING,Thin Loamy,0.226298,1.769021
DSENEW20194,2,SPRING,Thin Loamy,0.226298,1.769021
DSENEW20201,3,SPRING,Thin Loamy,0.226298,1.769021
DSENEW20202,3,SPRING,Thin Loamy,0.226298,1.769021
DSENEW20203,3,SPRING,Thin Loamy,0.226298,1.769021
DSENEW20204,3,SPRING,Thin Loamy,0.226298,1.769021
DSENWE20171,UNB,NA,Loamy,2.438143,1.460408
DSENWE20172,UNB,NA,Loamy,2.438143,1.460408
DSENWE20173,UNB,NA,Loamy,2.438143,1.460408
DSENWE20174,UNB,NA,Loamy,2.438143,1.460408
DSENWE20181,UNB,NA,Loamy,2.438143,1.460408
DSENWE20182,UNB,NA,Loamy,2.438143,1.460408
DSENWE20183,UNB,NA,Loamy,2.438143,1.460408
DSENWE20184,UNB,NA,Loamy,2.438143,1.460408
DSENWE20191,UNB,NA,Loamy,2.438143,1.460408
DSENWE20192,UNB,NA,Loamy,2.438143,1.460408
DSENWE20193,UNB,NA,Loamy,2.438143,1.460408
DSENWE20194,UNB,NA,Loamy,2.438143,1.460408
DSENWE20201,UNB,NA,Loamy,2.438143,1.460408
DSENWE20202,UNB,NA,Loamy,2.438143,1.460408
DSENWE20203,UNB,NA,Loamy,2.438143,1.460408
DSENWE20204,UNB,NA,Loamy,2.438143,1.460408
DSENWW20171,UNB,NA,Thin Loamy,0.798058,1.214434
DSENWW20172,UNB,NA,Thin Loamy,0.798058,1.214434
DSENWW20173,UNB,NA,Thin Loamy,0.798058,1.214434
DSENWW20174,UNB,NA,Thin Loamy,0.798058,1.214434
DSENWW20181,UNB,NA,Thin Loamy,0.798058,1.214434
DSENWW20182,UNB,NA,Thin Loamy,0.798058,1.214434
DSENWW20183,UNB,NA,Thin Loamy,0.798058,1.214434
DSENWW20184,UNB,NA,Thin Loamy,0.798058,1.214434
DSENWW20191,UNB,NA,Thin Loamy,0.798058,1.214434
DSENWW20192,UNB,NA,Thin Loamy,0.798058,1.214434
DSENWW20193,UNB,NA,Thin Loamy,0.798058,1.214434
DSENWW20194,UNB,NA,Thin Loamy,0.798058,1.214434
DSENWW20201,0,SPRING,Thin Loamy,0.798058,1.214434
DSENWW20202,0,SPRING,Thin Loamy,0.798058,1.214434
DSENWW20203,0,SPRING,Thin Loamy,0.798058,1.214434
DSENWW20204,0,SPRING,Thin Loamy,0.798058,1.214434
DSESEE20171,UNB,NA,Thin Loamy,6.940908,0.449129
DSESEE20172,UNB,NA,Thin Loamy,6.940908,0.449129
DSESEE20173,UNB,NA,Thin Loamy,6.940908,0.449129
DSESEE20174,UNB,NA,Thin Loamy,6.940908,0.449129
DSESEE20181,0,SPRING,Thin Loamy,6.940908,0.449129
DSESEE20182,0,SPRING,Thin Loamy,6.940908,0.449129
DSESEE20183,0,SPRING,Thin Loamy,6.940908,0.449129
DSESEE20184,0,SPRING,Thin Loamy,6.940908,0.449129
DSESEE20191,1,SPRING,Thin Loamy,6.940908,0.449129
DSESEE20192,1,SPRING,Thin Loamy,6.940908,0.449129
DSESEE20193,1,SPRING,Thin Loamy,6.940908,0.449129
DSESEE20194,1,SPRING,Thin Loamy,6.940908,0.449129
DSESEE20201,2,SPRING,Thin Loamy,6.940908,0.449129
DSESEE20202,2,SPRING,Thin Loamy,6.940908,0.449129
DSESEE20203,2,SPRING,Thin Loamy,6.940908,0.449129
DSESEE20204,2,SPRING,Thin Loamy,6.940908,0.449129
DSESEW20171,UNB,NA,Loamy,8.670199,0.643637
DSESEW20172,UNB,NA,Loamy,8.670199,0.643637
DSESEW20173,UNB,NA,Loamy,8.670199,0.643637
DSESEW20174,UNB,NA,Loamy,8.670199,0.643637
DSESEW20181,UNB,NA,Loamy,8.670199,0.643637
DSESEW20182,UNB,NA,Loamy,8.670199,0.643637
DSESEW20183,UNB,NA,Loamy,8.670199,0.643637
DSESEW20184,UNB,NA,Loamy,8.670199,0.643637
DSESEW20191,UNB,NA,Loamy,8.670199,0.643637
DSESEW20192,UNB,NA,Loamy,8.670199,0.643637
DSESEW20193,UNB,NA,Loamy,8.670199,0.643637
DSESEW20194,UNB,NA,Loamy,8.670199,0.643637
DSESEW20201,UNB,NA,Loamy,8.670199,0.643637
DSESEW20202,UNB,NA,Loamy,8.670199,0.643637
DSESEW20203,UNB,NA,Loamy,8.670199,0.643637
DSESEW20204,UNB,NA,Loamy,8.670199,0.643637
DSESWE20171,UNB,NA,Loamy,0.68066,1.27651
DSESWE20172,UNB,NA,Loamy,0.68066,1.27651
DSESWE20173,UNB,NA,Loamy,0.68066,1.27651
DSESWE20174,UNB,NA,Loamy,0.68066,1.27651
DSESWE20181,UNB,NA,Loamy,0.68066,1.27651
DSESWE20182,UNB,NA,Loamy,0.68066,1.27651
DSESWE20183,UNB,NA,Loamy,0.68066,1.27651
DSESWE20184,UNB,NA,Loamy,0.68066,1.27651
DSESWE20191,0,SPRING,Loamy,0.68066,1.27651
DSESWE20192,0,SPRING,Loamy,0.68066,1.27651
DSESWE20193,0,SPRING,Loamy,0.68066,1.27651
DSESWE20194,0,SPRING,Loamy,0.68066,1.27651
DSESWE20201,1,SPRING,Loamy,0.68066,1.27651
DSESWE20202,1,SPRING,Loamy,0.68066,1.27651
DSESWE20203,1,SPRING,Loamy,0.68066,1.27651
DSESWE20204,1,SPRING,Loamy,0.68066,1.27651
DSESWW20171,UNB,NA,Thin Loamy,1.532812,1.344351
DSESWW20172,UNB,NA,Thin Loamy,1.532812,1.344351
DSESWW20173,UNB,NA,Thin Loamy,1.532812,1.344351
DSESWW20174,UNB,NA,Thin Loamy,1.532812,1.344351
DSESWW20181,UNB,NA,Thin Loamy,1.532812,1.344351
DSESWW20182,UNB,NA,Thin Loamy,1.532812,1.344351
DSESWW20183,UNB,NA,Thin Loamy,1.532812,1.344351
DSESWW20184,UNB,NA,Thin Loamy,1.532812,1.344351
DSESWW20191,UNB,NA,Thin Loamy,1.532812,1.344351
DSESWW20192,UNB,NA,Thin Loamy,1.532812,1.344351
DSESWW20193,UNB,NA,Thin Loamy,1.532812,1.344351
DSESWW20194,UNB,NA,Thin Loamy,1.532812,1.344351
DSESWW20201,UNB,NA,Thin Loamy,1.532812,1.344351
DSESWW20202,UNB,NA,Thin Loamy,1.532812,1.344351
DSESWW20203,UNB,NA,Thin Loamy,1.532812,1.344351
DSESWW20204,UNB,NA,Thin Loamy,1.532812,1.344351
DSWNEE20171,UNB,NA,Thin Loamy,1.080415,1.555502
DSWNEE20172,UNB,NA,Thin Loamy,1.080415,1.555502
DSWNEE20173,UNB,NA,Thin Loamy,1.080415,1.555502
DSWNEE20174,UNB,NA,Thin Loamy,1.080415,1.555502
DSWNEE20181,0,SPRING,Thin Loamy,1.080415,1.555502
DSWNEE20182,0,SPRING,Thin Loamy,1.080415,1.555502
DSWNEE20183,0,SPRING,Thin Loamy,1.080415,1.555502
DSWNEE20184,0,SPRING,Thin Loamy,1.080415,1.555502
DSWNEE20191,1,SPRING,Thin Loamy,1.080415,1.555502
DSWNEE20192,1,SPRING,Thin Loamy,1.080415,1.555502
DSWNEE20193,1,SPRING,Thin Loamy,1.080415,1.555502
DSWNEE20194,1,SPRING,Thin Loamy,1.080415,1.555502
DSWNEE20201,2,SPRING,Thin Loamy,1.080415,1.555502
DSWNEE20202,2,SPRING,Thin Loamy,1.080415,1.555502
DSWNEE20203,2,SPRING,Thin Loamy,1.080415,1.555502
DSWNEE20204,2,SPRING,Thin Loamy,1.080415,1.555502
DSWNEW20171,UNB,NA,Thin Loamy,1.054633,1.754169
DSWNEW20172,UNB,NA,Thin Loamy,1.054633,1.754169
DSWNEW20173,UNB,NA,Thin Loamy,1.054633,1.754169
DSWNEW20174,UNB,NA,Thin Loamy,1.054633,1.754169
DSWNEW20181,0,SPRING,Thin Loamy,1.054633,1.754169
DSWNEW20182,0,SPRING,Thin Loamy,1.054633,1.754169
DSWNEW20183,0,SPRING,Thin Loamy,1.054633,1.754169
DSWNEW20184,0,SPRING,Thin Loamy,1.054633,1.754169
DSWNEW20191,1,SPRING,Thin Loamy,1.054633,1.754169
DSWNEW20192,1,SPRING,Thin Loamy,1.054633,1.754169
DSWNEW20193,1,SPRING,Thin Loamy,1.054633,1.754169
DSWNEW20194,1,SPRING,Thin Loamy,1.054633,1.754169
DSWNEW20201,2,SPRING,Thin Loamy,1.054633,1.754169
DSWNEW20202,2,SPRING,Thin Loamy,1.054633,1.754169
DSWNEW20203,2,SPRING,Thin Loamy,1.054633,1.754169
DSWNEW20204,2,SPRING,Thin Loamy,1.054633,1.754169
DSWNWE20171,UNB,NA,Thin Loamy,0.659798,1.153893
DSWNWE20172,UNB,NA,Thin Loamy,0.659798,1.153893
DSWNWE20173,UNB,NA,Thin Loamy,0.659798,1.153893
DSWNWE20174,UNB,NA,Thin Loamy,0.659798,1.153893
DSWNWE20181,UNB,NA,Thin Loamy,0.659798,1.153893
DSWNWE20182,UNB,NA,Thin Loamy,0.659798,1.153893
DSWNWE20183,UNB,NA,Thin Loamy,0.659798,1.153893
DSWNWE20184,UNB,NA,Thin Loamy,0.659798,1.153893
DSWNWE20191,UNB,NA,Thin Loamy,0.659798,1.153893
DSWNWE20192,UNB,NA,Thin Loamy,0.659798,1.153893
DSWNWE20193,UNB,NA,Thin Loamy,0.659798,1.153893
DSWNWE20194,UNB,NA,Thin Loamy,0.659798,1.153893
DSWNWE20201,0,SPRING,Thin Loamy,0.659798,1.153893
DSWNWE20202,0,SPRING,Thin Loamy,0.659798,1.153893
DSWNWE20203,0,SPRING,Thin Loamy,0.659798,1.153893
DSWNWE20204,0,SPRING,Thin Loamy,0.659798,1.153893
DSWNWW20171,UNB,NA,Loamy,1.295534,1.188708
DSWNWW20172,UNB,NA,Loamy,1.295534,1.188708
DSWNWW20173,UNB,NA,Loamy,1.295534,1.188708
DSWNWW20174,UNB,NA,Loamy,1.295534,1.188708
DSWNWW20181,UNB,NA,Loamy,1.295534,1.188708
DSWNWW20182,UNB,NA,Loamy,1.295534,1.188708
DSWNWW20183,UNB,NA,Loamy,1.295534,1.188708
DSWNWW20184,UNB,NA,Loamy,1.295534,1.188708
DSWNWW20191,UNB,NA,Loamy,1.295534,1.188708
DSWNWW20192,UNB,NA,Loamy,1.295534,1.188708
DSWNWW20193,UNB,NA,Loamy,1.295534,1.188708
DSWNWW20194,UNB,NA,Loamy,1.295534,1.188708
DSWNWW20201,0,SPRING,Loamy,1.295534,1.188708
DSWNWW20202,0,SPRING,Loamy,1.295534,1.188708
DSWNWW20203,0,SPRING,Loamy,1.295534,1.188708
DSWNWW20204,0,SPRING,Loamy,1.295534,1.188708
DSWSEE20171,UNB,NA,Thin Loamy,1.146131,1.790107
DSWSEE20172,UNB,NA,Thin Loamy,1.146131,1.790107
DSWSEE20173,UNB,NA,Thin Loamy,1.146131,1.790107
DSWSEE20174,UNB,NA,Thin Loamy,1.146131,1.790107
DSWSEE20181,UNB,NA,Thin Loamy,1.146131,1.790107
DSWSEE20182,UNB,NA,Thin Loamy,1.146131,1.790107
DSWSEE20183,UNB,NA,Thin Loamy,1.146131,1.790107
DSWSEE20184,UNB,NA,Thin Loamy,1.146131,1.790107
DSWSEE20191,0,SPRING,Thin Loamy,1.146131,1.790107
DSWSEE20192,0,SPRING,Thin Loamy,1.146131,1.790107
DSWSEE20193,0,SPRING,Thin Loamy,1.146131,1.790107
DSWSEE20194,0,SPRING,Thin Loamy,1.146131,1.790107
DSWSEE20201,1,SPRING,Thin Loamy,1.146131,1.790107
DSWSEE20202,1,SPRING,Thin Loamy,1.146131,1.790107
DSWSEE20203,1,SPRING,Thin Loamy,1.146131,1.790107
DSWSEE20204,1,SPRING,Thin Loamy,1.146131,1.790107
DSWSEW20171,UNB,NA,Thin Loamy,1.549337,0.677909
DSWSEW20172,UNB,NA,Thin Loamy,1.549337,0.677909
DSWSEW20173,UNB,NA,Thin Loamy,1.549337,0.677909
DSWSEW20174,UNB,NA,Thin Loamy,1.549337,0.677909
DSWSEW20181,UNB,NA,Thin Loamy,1.549337,0.677909
DSWSEW20182,UNB,NA,Thin Loamy,1.549337,0.677909
DSWSEW20183,UNB,NA,Thin Loamy,1.549337,0.677909
DSWSEW20184,UNB,NA,Thin Loamy,1.549337,0.677909
DSWSEW20191,0,SPRING,Thin Loamy,1.549337,0.677909
DSWSEW20192,0,SPRING,Thin Loamy,1.549337,0.677909
DSWSEW20193,0,SPRING,Thin Loamy,1.549337,0.677909
DSWSEW20194,0,SPRING,Thin Loamy,1.549337,0.677909
DSWSEW20201,1,SPRING,Thin Loamy,1.549337,0.677909
DSWSEW20202,1,SPRING,Thin Loamy,1.549337,0.677909
DSWSEW20203,1,SPRING,Thin Loamy,1.549337,0.677909
DSWSEW20204,1,SPRING,Thin Loamy,1.549337,0.677909
DSWSWN20171,0,SPRING,Thin Loamy,1.005332,1.549679
DSWSWN20172,0,SPRING,Thin Loamy,1.005332,1.549679
DSWSWN20173,0,SPRING,Thin Loamy,1.005332,1.549679
DSWSWN20174,0,SPRING,Thin Loamy,1.005332,1.549679
DSWSWN20181,1,SPRING,Thin Loamy,1.005332,1.549679
DSWSWN20182,1,SPRING,Thin Loamy,1.005332,1.549679
DSWSWN20183,1,SPRING,Thin Loamy,1.005332,1.549679
DSWSWN20184,1,SPRING,Thin Loamy,1.005332,1.549679
DSWSWN20191,2,SPRING,Thin Loamy,1.005332,1.549679
DSWSWN20192,2,SPRING,Thin Loamy,1.005332,1.549679
DSWSWN20193,2,SPRING,Thin Loamy,1.005332,1.549679
DSWSWN20194,2,SPRING,Thin Loamy,1.005332,1.549679
DSWSWN20201,3,SPRING,Thin Loamy,1.005332,1.549679
DSWSWN20202,3,SPRING,Thin Loamy,1.005332,1.549679
DSWSWN20203,3,SPRING,Thin Loamy,1.005332,1.549679
DSWSWN20204,3,SPRING,Thin Loamy,1.005332,1.549679
DSWSWS20171,0,SPRING,Thin Loamy,0.144959,2.410195
DSWSWS20172,0,SPRING,Thin Loamy,0.144959,2.410195
DSWSWS20173,0,SPRING,Thin Loamy,0.144959,2.410195
DSWSWS20174,0,SPRING,Thin Loamy,0.144959,2.410195
DSWSWS20181,1,SPRING,Thin Loamy,0.144959,2.410195
DSWSWS20182,1,SPRING,Thin Loamy,0.144959,2.410195
DSWSWS20183,1,SPRING,Thin Loamy,0.144959,2.410195
DSWSWS20184,1,SPRING,Thin Loamy,0.144959,2.410195
DSWSWS20191,2,SPRING,Thin Loamy,0.144959,2.410195
DSWSWS20192,2,SPRING,Thin Loamy,0.144959,2.410195
DSWSWS20193,2,SPRING,Thin Loamy,0.144959,2.410195
DSWSWS20194,2,SPRING,Thin Loamy,0.144959,2.410195
DSWSWS20201,3,SPRING,Thin Loamy,0.144959,2.410195
DSWSWS20202,3,SPRING,Thin Loamy,0.144959,2.410195
DSWSWS20203,3,SPRING,Thin Loamy,0.144959,2.410195
DSWSWS20204,3,SPRING,Thin Loamy,0.144959,2.410195
ENENEE20171,UNB,NA,Loamy,1.532818,1.387005
ENENEE20172,UNB,NA,Loamy,1.532818,1.387005
ENENEE20173,UNB,NA,Loamy,1.532818,1.387005
ENENEE20174,UNB,NA,Loamy,1.532818,1.387005
ENENEE20181,UNB,NA,Loamy,1.532818,1.387005
ENENEE20182,UNB,NA,Loamy,1.532818,1.387005
ENENEE20183,UNB,NA,Loamy,1.532818,1.387005
ENENEE20184,UNB,NA,Loamy,1.532818,1.387005
ENENEE20191,0,FALL,Loamy,1.532818,1.387005
ENENEE20192,0,FALL,Loamy,1.532818,1.387005
ENENEE20193,0,FALL,Loamy,1.532818,1.387005
ENENEE20194,0,FALL,Loamy,1.532818,1.387005
ENENEE20201,1,FALL,Loamy,1.532818,1.387005
ENENEE20202,1,FALL,Loamy,1.532818,1.387005
ENENEE20203,1,FALL,Loamy,1.532818,1.387005
ENENEE20204,1,FALL,Loamy,1.532818,1.387005
ENENEW20171,UNB,NA,Loamy,0.732278,1.462834
ENENEW20172,UNB,NA,Loamy,0.732278,1.462834
ENENEW20173,UNB,NA,Loamy,0.732278,1.462834
ENENEW20174,UNB,NA,Loamy,0.732278,1.462834
ENENEW20181,0,SPRING,Loamy,0.732278,1.462834
ENENEW20182,0,SPRING,Loamy,0.732278,1.462834
ENENEW20183,0,SPRING,Loamy,0.732278,1.462834
ENENEW20184,0,SPRING,Loamy,0.732278,1.462834
ENENEW20191,1,SPRING,Loamy,0.732278,1.462834
ENENEW20192,1,SPRING,Loamy,0.732278,1.462834
ENENEW20193,1,SPRING,Loamy,0.732278,1.462834
ENENEW20194,1,SPRING,Loamy,0.732278,1.462834
ENENEW20201,2,SPRING,Loamy,0.732278,1.462834
ENENEW20202,2,SPRING,Loamy,0.732278,1.462834
ENENEW20203,2,SPRING,Loamy,0.732278,1.462834
ENENEW20204,2,SPRING,Loamy,0.732278,1.462834
ENENWE20171,UNB,NA,Thin Loamy,1.217229,0.35115
ENENWE20172,UNB,NA,Thin Loamy,1.217229,0.35115
ENENWE20173,UNB,NA,Thin Loamy,1.217229,0.35115
ENENWE20174,UNB,NA,Thin Loamy,1.217229,0.35115
ENENWE20181,UNB,NA,Thin Loamy,1.217229,0.35115
ENENWE20182,UNB,NA,Thin Loamy,1.217229,0.35115
ENENWE20183,UNB,NA,Thin Loamy,1.217229,0.35115
ENENWE20184,UNB,NA,Thin Loamy,1.217229,0.35115
ENENWE20191,UNB,NA,Thin Loamy,1.217229,0.35115
ENENWE20192,UNB,NA,Thin Loamy,1.217229,0.35115
ENENWE20193,UNB,NA,Thin Loamy,1.217229,0.35115
ENENWE20194,UNB,NA,Thin Loamy,1.217229,0.35115
ENENWE20201,UNB,NA,Thin Loamy,1.217229,0.35115
ENENWE20202,UNB,NA,Thin Loamy,1.217229,0.35115
ENENWE20203,UNB,NA,Thin Loamy,1.217229,0.35115
ENENWE20204,UNB,NA,Thin Loamy,1.217229,0.35115
ENENWW20171,UNB,NA,Thin Loamy,1.845802,0.97894
ENENWW20172,UNB,NA,Thin Loamy,1.845802,0.97894
ENENWW20173,UNB,NA,Thin Loamy,1.845802,0.97894
ENENWW20174,UNB,NA,Thin Loamy,1.845802,0.97894
ENENWW20181,UNB,NA,Thin Loamy,1.845802,0.97894
ENENWW20182,UNB,NA,Thin Loamy,1.845802,0.97894
ENENWW20183,UNB,NA,Thin Loamy,1.845802,0.97894
ENENWW20184,UNB,NA,Thin Loamy,1.845802,0.97894
ENENWW20191,0,SPRING,Thin Loamy,1.845802,0.97894
ENENWW20192,0,SPRING,Thin Loamy,1.845802,0.97894
ENENWW20193,0,SPRING,Thin Loamy,1.845802,0.97894
ENENWW20194,0,SPRING,Thin Loamy,1.845802,0.97894
ENENWW20201,1,SPRING,Thin Loamy,1.845802,0.97894
ENENWW20202,1,SPRING,Thin Loamy,1.845802,0.97894
ENENWW20203,1,SPRING,Thin Loamy,1.845802,0.97894
ENENWW20204,1,SPRING,Thin Loamy,1.845802,0.97894
ENESEE20171,0,SPRING,Loamy,1.566307,1.03789
ENESEE20172,0,SPRING,Loamy,1.566307,1.03789
ENESEE20173,0,SPRING,Loamy,1.566307,1.03789
ENESEE20174,0,SPRING,Loamy,1.566307,1.03789
ENESEE20181,1,SPRING,Loamy,1.566307,1.03789
ENESEE20182,1,SPRING,Loamy,1.566307,1.03789
ENESEE20183,1,SPRING,Loamy,1.566307,1.03789
ENESEE20184,1,SPRING,Loamy,1.566307,1.03789
ENESEE20191,2,SPRING,Loamy,1.566307,1.03789
ENESEE20192,2,SPRING,Loamy,1.566307,1.03789
ENESEE20193,2,SPRING,Loamy,1.566307,1.03789
ENESEE20194,2,SPRING,Loamy,1.566307,1.03789
ENESEE20201,3,SPRING,Loamy,1.566307,1.03789
ENESEE20202,3,SPRING,Loamy,1.566307,1.03789
ENESEE20203,3,SPRING,Loamy,1.566307,1.03789
ENESEE20204,3,SPRING,Loamy,1.566307,1.03789
ENESEW20171,UNB,NA,Thin Loamy,0.774354,1.473471
ENESEW20172,UNB,NA,Thin Loamy,0.774354,1.473471
ENESEW20173,UNB,NA,Thin Loamy,0.774354,1.473471
ENESEW20174,UNB,NA,Thin Loamy,0.774354,1.473471
ENESEW20181,0,FALL,Thin Loamy,0.774354,1.473471
ENESEW20182,0,FALL,Thin Loamy,0.774354,1.473471
ENESEW20183,0,FALL,Thin Loamy,0.774354,1.473471
ENESEW20184,0,FALL,Thin Loamy,0.774354,1.473471
ENESEW20191,1,FALL,Thin Loamy,0.774354,1.473471
ENESEW20192,1,FALL,Thin Loamy,0.774354,1.473471
ENESEW20193,1,FALL,Thin Loamy,0.774354,1.473471
ENESEW20194,1,FALL,Thin Loamy,0.774354,1.473471
ENESEW20201,2,FALL,Thin Loamy,0.774354,1.473471
ENESEW20202,2,FALL,Thin Loamy,0.774354,1.473471
ENESEW20203,2,FALL,Thin Loamy,0.774354,1.473471
ENESEW20204,2,FALL,Thin Loamy,0.774354,1.473471
ENESWN20171,UNB,NA,Thin Loamy,11.23079,-0.288223
ENESWN20172,UNB,NA,Thin Loamy,11.23079,-0.288223
ENESWN20173,UNB,NA,Thin Loamy,11.23079,-0.288223
ENESWN20174,UNB,NA,Thin Loamy,11.23079,-0.288223
ENESWN20181,UNB,NA,Thin Loamy,11.23079,-0.288223
ENESWN20182,UNB,NA,Thin Loamy,11.23079,-0.288223
ENESWN20183,UNB,NA,Thin Loamy,11.23079,-0.288223
ENESWN20184,UNB,NA,Thin Loamy,11.23079,-0.288223
ENESWN20191,UNB,NA,Thin Loamy,11.23079,-0.288223
ENESWN20192,UNB,NA,Thin Loamy,11.23079,-0.288223
ENESWN20193,UNB,NA,Thin Loamy,11.23079,-0.288223
ENESWN20194,UNB,NA,Thin Loamy,11.23079,-0.288223
ENESWN20201,0,SPRING,Thin Loamy,11.23079,-0.288223
ENESWN20202,0,SPRING,Thin Loamy,11.23079,-0.288223
ENESWN20203,0,SPRING,Thin Loamy,11.23079,-0.288223
ENESWN20204,0,SPRING,Thin Loamy,11.23079,-0.288223
ENESWS20171,UNB,NA,Thin Loamy,0.899447,1.972527
ENESWS20172,UNB,NA,Thin Loamy,0.899447,1.972527
ENESWS20173,UNB,NA,Thin Loamy,0.899447,1.972527
ENESWS20174,UNB,NA,Thin Loamy,0.899447,1.972527
ENESWS20181,UNB,NA,Thin Loamy,0.899447,1.972527
ENESWS20182,UNB,NA,Thin Loamy,0.899447,1.972527
ENESWS20183,UNB,NA,Thin Loamy,0.899447,1.972527
ENESWS20184,UNB,NA,Thin Loamy,0.899447,1.972527
ENESWS20191,UNB,NA,Thin Loamy,0.899447,1.972527
ENESWS20192,UNB,NA,Thin Loamy,0.899447,1.972527
ENESWS20193,UNB,NA,Thin Loamy,0.899447,1.972527
ENESWS20194,UNB,NA,Thin Loamy,0.899447,1.972527
ENESWS20201,UNB,NA,Thin Loamy,0.899447,1.972527
ENESWS20202,UNB,NA,Thin Loamy,0.899447,1.972527
ENESWS20203,UNB,NA,Thin Loamy,0.899447,1.972527
ENESWS20204,UNB,NA,Thin Loamy,0.899447,1.972527
ENWNEE20171,UNB,NA,Thin Loamy,1.364965,0.610049
ENWNEE20172,UNB,NA,Thin Loamy,1.364965,0.610049
ENWNEE20173,UNB,NA,Thin Loamy,1.364965,0.610049
ENWNEE20174,UNB,NA,Thin Loamy,1.364965,0.610049
ENWNEE20181,0,SPRING,Thin Loamy,1.364965,0.610049
ENWNEE20182,0,SPRING,Thin Loamy,1.364965,0.610049
ENWNEE20183,0,SPRING,Thin Loamy,1.364965,0.610049
ENWNEE20184,0,SPRING,Thin Loamy,1.364965,0.610049
ENWNEE20191,1,SPRING,Thin Loamy,1.364965,0.610049
ENWNEE20192,1,SPRING,Thin Loamy,1.364965,0.610049
ENWNEE20193,1,SPRING,Thin Loamy,1.364965,0.610049
ENWNEE20194,1,SPRING,Thin Loamy,1.364965,0.610049
ENWNEE20201,2,SPRING,Thin Loamy,1.364965,0.610049
ENWNEE20202,2,SPRING,Thin Loamy,1.364965,0.610049
ENWNEE20203,2,SPRING,Thin Loamy,1.364965,0.610049
ENWNEE20204,2,SPRING,Thin Loamy,1.364965,0.610049
ENWNEW20171,UNB,NA,Thin Loamy,1.032313,0.850091
ENWNEW20172,UNB,NA,Thin Loamy,1.032313,0.850091
ENWNEW20173,UNB,NA,Thin Loamy,1.032313,0.850091
ENWNEW20174,UNB,NA,Thin Loamy,1.032313,0.850091
ENWNEW20181,0,SPRING,Thin Loamy,1.032313,0.850091
ENWNEW20182,0,SPRING,Thin Loamy,1.032313,0.850091
ENWNEW20183,0,SPRING,Thin Loamy,1.032313,0.850091
ENWNEW20184,0,SPRING,Thin Loamy,1.032313,0.850091
ENWNEW20191,1,SPRING,Thin Loamy,1.032313,0.850091
ENWNEW20192,1,SPRING,Thin Loamy,1.032313,0.850091
ENWNEW20193,1,SPRING,Thin Loamy,1.032313,0.850091
ENWNEW20194,1,SPRING,Thin Loamy,1.032313,0.850091
ENWNEW20201,2,SPRING,Thin Loamy,1.032313,0.850091
ENWNEW20202,2,SPRING,Thin Loamy,1.032313,0.850091
ENWNEW20203,2,SPRING,Thin Loamy,1.032313,0.850091
ENWNEW20204,2,SPRING,Thin Loamy,1.032313,0.850091
ENWNWE20171,0,SPRING,Thin Loamy,3.222979,1.008801
ENWNWE20172,0,SPRING,Thin Loamy,3.222979,1.008801
ENWNWE20173,0,SPRING,Thin Loamy,3.222979,1.008801
ENWNWE20174,0,SPRING,Thin Loamy,3.222979,1.008801
ENWNWE20181,1,SPRING,Thin Loamy,3.222979,1.008801
ENWNWE20182,1,SPRING,Thin Loamy,3.222979,1.008801
ENWNWE20183,1,SPRING,Thin Loamy,3.222979,1.008801
ENWNWE20184,1,SPRING,Thin Loamy,3.222979,1.008801
ENWNWE20191,2,SPRING,Thin Loamy,3.222979,1.008801
ENWNWE20192,2,SPRING,Thin Loamy,3.222979,1.008801
ENWNWE20193,2,SPRING,Thin Loamy,3.222979,1.008801
ENWNWE20194,2,SPRING,Thin Loamy,3.222979,1.008801
ENWNWE20201,3,SPRING,Thin Loamy,3.222979,1.008801
ENWNWE20202,3,SPRING,Thin Loamy,3.222979,1.008801
ENWNWE20203,3,SPRING,Thin Loamy,3.222979,1.008801
ENWNWE20204,3,SPRING,Thin Loamy,3.222979,1.008801
ENWNWW20171,0,SPRING,Thin Loamy,1.75484,0.732475
ENWNWW20172,0,SPRING,Thin Loamy,1.75484,0.732475
ENWNWW20173,0,SPRING,Thin Loamy,1.75484,0.732475
ENWNWW20174,0,SPRING,Thin Loamy,1.75484,0.732475
ENWNWW20181,1,SPRING,Thin Loamy,1.75484,0.732475
ENWNWW20182,1,SPRING,Thin Loamy,1.75484,0.732475
ENWNWW20183,1,SPRING,Thin Loamy,1.75484,0.732475
ENWNWW20184,1,SPRING,Thin Loamy,1.75484,0.732475
ENWNWW20191,2,SPRING,Thin Loamy,1.75484,0.732475
ENWNWW20192,2,SPRING,Thin Loamy,1.75484,0.732475
ENWNWW20193,2,SPRING,Thin Loamy,1.75484,0.732475
ENWNWW20194,2,SPRING,Thin Loamy,1.75484,0.732475
ENWNWW20201,3,SPRING,Thin Loamy,1.75484,0.732475
ENWNWW20202,3,SPRING,Thin Loamy,1.75484,0.732475
ENWNWW20203,3,SPRING,Thin Loamy,1.75484,0.732475
ENWNWW20204,3,SPRING,Thin Loamy,1.75484,0.732475
ENWSEE20171,UNB,NA,Thin Loamy,2.495715,0.776914
ENWSEE20172,UNB,NA,Thin Loamy,2.495715,0.776914
ENWSEE20173,UNB,NA,Thin Loamy,2.495715,0.776914
ENWSEE20174,UNB,NA,Thin Loamy,2.495715,0.776914
ENWSEE20181,UNB,NA,Thin Loamy,2.495715,0.776914
ENWSEE20182,UNB,NA,Thin Loamy,2.495715,0.776914
ENWSEE20183,UNB,NA,Thin Loamy,2.495715,0.776914
ENWSEE20184,UNB,NA,Thin Loamy,2.495715,0.776914
ENWSEE20191,UNB,NA,Thin Loamy,2.495715,0.776914
ENWSEE20192,UNB,NA,Thin Loamy,2.495715,0.776914
ENWSEE20193,UNB,NA,Thin Loamy,2.495715,0.776914
ENWSEE20194,UNB,NA,Thin Loamy,2.495715,0.776914
ENWSEE20201,0,SPRING,Thin Loamy,2.495715,0.776914
ENWSEE20202,0,SPRING,Thin Loamy,2.495715,0.776914
ENWSEE20203,0,SPRING,Thin Loamy,2.495715,0.776914
ENWSEE20204,0,SPRING,Thin Loamy,2.495715,0.776914
ENWSEW20171,UNB,NA,Thin Loamy,1.986863,0.613678
ENWSEW20172,UNB,NA,Thin Loamy,1.986863,0.613678
ENWSEW20173,UNB,NA,Thin Loamy,1.986863,0.613678
ENWSEW20174,UNB,NA,Thin Loamy,1.986863,0.613678
ENWSEW20181,UNB,NA,Thin Loamy,1.986863,0.613678
ENWSEW20182,UNB,NA,Thin Loamy,1.986863,0.613678
ENWSEW20183,UNB,NA,Thin Loamy,1.986863,0.613678
ENWSEW20184,UNB,NA,Thin Loamy,1.986863,0.613678
ENWSEW20191,UNB,NA,Thin Loamy,1.986863,0.613678
ENWSEW20192,UNB,NA,Thin Loamy,1.986863,0.613678
ENWSEW20193,UNB,NA,Thin Loamy,1.986863,0.613678
ENWSEW20194,UNB,NA,Thin Loamy,1.986863,0.613678
ENWSEW20201,0,SPRING,Thin Loamy,1.986863,0.613678
ENWSEW20202,0,SPRING,Thin Loamy,1.986863,0.613678
ENWSEW20203,0,SPRING,Thin Loamy,1.986863,0.613678
ENWSEW20204,0,SPRING,Thin Loamy,1.986863,0.613678
ENWSWE20171,UNB,NA,Loamy,1.046284,0.636059
ENWSWE20172,UNB,NA,Loamy,1.046284,0.636059
ENWSWE20173,UNB,NA,Loamy,1.046284,0.636059
ENWSWE20174,UNB,NA,Loamy,1.046284,0.636059
ENWSWE20181,UNB,NA,Loamy,1.046284,0.636059
ENWSWE20182,UNB,NA,Loamy,1.046284,0.636059
ENWSWE20183,UNB,NA,Loamy,1.046284,0.636059
ENWSWE20184,UNB,NA,Loamy,1.046284,0.636059
ENWSWE20191,0,SPRING,Loamy,1.046284,0.636059
ENWSWE20192,0,SPRING,Loamy,1.046284,0.636059
ENWSWE20193,0,SPRING,Loamy,1.046284,0.636059
ENWSWE20194,0,SPRING,Loamy,1.046284,0.636059
ENWSWE20201,1,SPRING,Loamy,1.046284,0.636059
ENWSWE20202,1,SPRING,Loamy,1.046284,0.636059
ENWSWE20203,1,SPRING,Loamy,1.046284,0.636059
ENWSWE20204,1,SPRING,Loamy,1.046284,0.636059
ENWSWW20171,UNB,NA,Loamy,0.262712,1.478733
ENWSWW20172,UNB,NA,Loamy,0.262712,1.478733
ENWSWW20173,UNB,NA,Loamy,0.262712,1.478733
ENWSWW20174,UNB,NA,Loamy,0.262712,1.478733
ENWSWW20181,UNB,NA,Loamy,0.262712,1.478733
ENWSWW20182,UNB,NA,Loamy,0.262712,1.478733
ENWSWW20183,UNB,NA,Loamy,0.262712,1.478733
ENWSWW20184,UNB,NA,Loamy,0.262712,1.478733
ENWSWW20191,0,SPRING,Loamy,0.262712,1.478733
ENWSWW20192,0,SPRING,Loamy,0.262712,1.478733
ENWSWW20193,0,SPRING,Loamy,0.262712,1.478733
ENWSWW20194,0,SPRING,Loamy,0.262712,1.478733
ENWSWW20201,1,SPRING,Loamy,0.262712,1.478733
ENWSWW20202,1,SPRING,Loamy,0.262712,1.478733
ENWSWW20203,1,SPRING,Loamy,0.262712,1.478733
ENWSWW20204,1,SPRING,Loamy,0.262712,1.478733
ESENEE20171,UNB,NA,Very Shallow,1.484921,0.853254
ESENEE20172,UNB,NA,Very Shallow,1.484921,0.853254
ESENEE20173,UNB,NA,Very Shallow,1.484921,0.853254
ESENEE20174,UNB,NA,Very Shallow,1.484921,0.853254
ESENEE20181,UNB,NA,Very Shallow,1.484921,0.853254
ESENEE20182,UNB,NA,Very Shallow,1.484921,0.853254
ESENEE20183,UNB,NA,Very Shallow,1.484921,0.853254
ESENEE20184,UNB,NA,Very Shallow,1.484921,0.853254
ESENEE20191,0,FALL,Very Shallow,1.484921,0.853254
ESENEE20192,0,FALL,Very Shallow,1.484921,0.853254
ESENEE20193,0,FALL,Very Shallow,1.484921,0.853254
ESENEE20194,0,FALL,Very Shallow,1.484921,0.853254
ESENEE20201,1,FALL,Very Shallow,1.484921,0.853254
ESENEE20202,1,FALL,Very Shallow,1.484921,0.853254
ESENEE20203,1,FALL,Very Shallow,1.484921,0.853254
ESENEE20204,1,FALL,Very Shallow,1.484921,0.853254
ESENEW20171,UNB,NA,Very Shallow,2.584531,0.864528
ESENEW20172,UNB,NA,Very Shallow,2.584531,0.864528
ESENEW20173,UNB,NA,Very Shallow,2.584531,0.864528
ESENEW20174,UNB,NA,Very Shallow,2.584531,0.864528
ESENEW20181,0,SPRING,Very Shallow,2.584531,0.864528
ESENEW20182,0,SPRING,Very Shallow,2.584531,0.864528
ESENEW20183,0,SPRING,Very Shallow,2.584531,0.864528
ESENEW20184,0,SPRING,Very Shallow,2.584531,0.864528
ESENEW20191,1,SPRING,Very Shallow,2.584531,0.864528
ESENEW20192,1,SPRING,Very Shallow,2.584531,0.864528
ESENEW20193,1,SPRING,Very Shallow,2.584531,0.864528
ESENEW20194,1,SPRING,Very Shallow,2.584531,0.864528
ESENEW20201,2,SPRING,Very Shallow,2.584531,0.864528
ESENEW20202,2,SPRING,Very Shallow,2.584531,0.864528
ESENEW20203,2,SPRING,Very Shallow,2.584531,0.864528
ESENEW20204,2,SPRING,Very Shallow,2.584531,0.864528
ESENWE20171,UNB,NA,Very Shallow,4.017776,0.67904
ESENWE20172,UNB,NA,Very Shallow,4.017776,0.67904
ESENWE20173,UNB,NA,Very Shallow,4.017776,0.67904
ESENWE20174,UNB,NA,Very Shallow,4.017776,0.67904
ESENWE20181,UNB,NA,Very Shallow,4.017776,0.67904
ESENWE20182,UNB,NA,Very Shallow,4.017776,0.67904
ESENWE20183,UNB,NA,Very Shallow,4.017776,0.67904
ESENWE20184,UNB,NA,Very Shallow,4.017776,0.67904
ESENWE20191,UNB,NA,Very Shallow,4.017776,0.67904
ESENWE20192,UNB,NA,Very Shallow,4.017776,0.67904
ESENWE20193,UNB,NA,Very Shallow,4.017776,0.67904
ESENWE20194,UNB,NA,Very Shallow,4.017776,0.67904
ESENWE20201,UNB,NA,Very Shallow,4.017776,0.67904
ESENWE20202,UNB,NA,Very Shallow,4.017776,0.67904
ESENWE20203,UNB,NA,Very Shallow,4.017776,0.67904
ESENWE20204,UNB,NA,Very Shallow,4.017776,0.67904
ESENWW20171,UNB,NA,Thin Loamy,3.572315,0.191695
ESENWW20172,UNB,NA,Thin Loamy,3.572315,0.191695
ESENWW20173,UNB,NA,Thin Loamy,3.572315,0.191695
ESENWW20174,UNB,NA,Thin Loamy,3.572315,0.191695
ESENWW20181,UNB,NA,Thin Loamy,3.572315,0.191695
ESENWW20182,UNB,NA,Thin Loamy,3.572315,0.191695
ESENWW20183,UNB,NA,Thin Loamy,3.572315,0.191695
ESENWW20184,UNB,NA,Thin Loamy,3.572315,0.191695
ESENWW20191,0,SPRING,Thin Loamy,3.572315,0.191695
ESENWW20192,0,SPRING,Thin Loamy,3.572315,0.191695
ESENWW20193,0,SPRING,Thin Loamy,3.572315,0.191695
ESENWW20194,0,SPRING,Thin Loamy,3.572315,0.191695
ESENWW20201,1,SPRING,Thin Loamy,3.572315,0.191695
ESENWW20202,1,SPRING,Thin Loamy,3.572315,0.191695
ESENWW20203,1,SPRING,Thin Loamy,3.572315,0.191695
ESENWW20204,1,SPRING,Thin Loamy,3.572315,0.191695
ESESEE20171,0,SPRING,Very Shallow,0.4345,-0.097795
ESESEE20172,0,SPRING,Very Shallow,0.4345,-0.097795
ESESEE20173,0,SPRING,Very Shallow,0.4345,-0.097795
ESESEE20174,0,SPRING,Very Shallow,0.4345,-0.097795
ESESEE20181,1,SPRING,Very Shallow,0.4345,-0.097795
ESESEE20182,1,SPRING,Very Shallow,0.4345,-0.097795
ESESEE20183,1,SPRING,Very Shallow,0.4345,-0.097795
ESESEE20184,1,SPRING,Very Shallow,0.4345,-0.097795
ESESEE20191,2,SPRING,Very Shallow,0.4345,-0.097795
ESESEE20192,2,SPRING,Very Shallow,0.4345,-0.097795
ESESEE20193,2,SPRING,Very Shallow,0.4345,-0.097795
ESESEE20194,2,SPRING,Very Shallow,0.4345,-0.097795
ESESEE20201,3,SPRING,Very Shallow,0.4345,-0.097795
ESESEE20202,3,SPRING,Very Shallow,0.4345,-0.097795
ESESEE20203,3,SPRING,Very Shallow,0.4345,-0.097795
ESESEE20204,3,SPRING,Very Shallow,0.4345,-0.097795
ESESEW20171,UNB,NA,Very Shallow,1.084538,0.109276
ESESEW20172,UNB,NA,Very Shallow,1.084538,0.109276
ESESEW20173,UNB,NA,Very Shallow,1.084538,0.109276
ESESEW20174,UNB,NA,Very Shallow,1.084538,0.109276
ESESEW20181,0,FALL,Very Shallow,1.084538,0.109276
ESESEW20182,0,FALL,Very Shallow,1.084538,0.109276
ESESEW20183,0,FALL,Very Shallow,1.084538,0.109276
ESESEW20184,0,FALL,Very Shallow,1.084538,0.109276
ESESEW20191,1,FALL,Very Shallow,1.084538,0.109276
ESESEW20192,1,FALL,Very Shallow,1.084538,0.109276
ESESEW20193,1,FALL,Very Shallow,1.084538,0.109276
ESESEW20194,1,FALL,Very Shallow,1.084538,0.109276
ESESEW20201,2,FALL,Very Shallow,1.084538,0.109276
ESESEW20202,2,FALL,Very Shallow,1.084538,0.109276
ESESEW20203,2,FALL,Very Shallow,1.084538,0.109276
ESESEW20204,2,FALL,Very Shallow,1.084538,0.109276
ESESWN20171,UNB,NA,Very Shallow,1.083197,0.907427
ESESWN20172,UNB,NA,Very Shallow,1.083197,0.907427
ESESWN20173,UNB,NA,Very Shallow,1.083197,0.907427
ESESWN20174,UNB,NA,Very Shallow,1.083197,0.907427
ESESWN20181,UNB,NA,Very Shallow,1.083197,0.907427
ESESWN20182,UNB,NA,Very Shallow,1.083197,0.907427
ESESWN20183,UNB,NA,Very Shallow,1.083197,0.907427
ESESWN20184,UNB,NA,Very Shallow,1.083197,0.907427
ESESWN20191,UNB,NA,Very Shallow,1.083197,0.907427
ESESWN20192,UNB,NA,Very Shallow,1.083197,0.907427
ESESWN20193,UNB,NA,Very Shallow,1.083197,0.907427
ESESWN20194,UNB,NA,Very Shallow,1.083197,0.907427
ESESWN20201,0,SPRING,Very Shallow,1.083197,0.907427
ESESWN20202,0,SPRING,Very Shallow,1.083197,0.907427
ESESWN20203,0,SPRING,Very Shallow,1.083197,0.907427
ESESWN20204,0,SPRING,Very Shallow,1.083197,0.907427
ESESWS20171,UNB,NA,Very Shallow,1.868823,0.432306
ESESWS20172,UNB,NA,Very Shallow,1.868823,0.432306
ESESWS20173,UNB,NA,Very Shallow,1.868823,0.432306
ESESWS20174,UNB,NA,Very Shallow,1.868823,0.432306
ESESWS20181,UNB,NA,Very Shallow,1.868823,0.432306
ESESWS20182,UNB,NA,Very Shallow,1.868823,0.432306
ESESWS20183,UNB,NA,Very Shallow,1.868823,0.432306
ESESWS20184,UNB,NA,Very Shallow,1.868823,0.432306
ESESWS20191,UNB,NA,Very Shallow,1.868823,0.432306
ESESWS20192,UNB,NA,Very Shallow,1.868823,0.432306
ESESWS20193,UNB,NA,Very Shallow,1.868823,0.432306
ESESWS20194,UNB,NA,Very Shallow,1.868823,0.432306
ESESWS20201,UNB,NA,Very Shallow,1.868823,0.432306
ESESWS20202,UNB,NA,Very Shallow,1.868823,0.432306
ESESWS20203,UNB,NA,Very Shallow,1.868823,0.432306
ESESWS20204,UNB,NA,Very Shallow,1.868823,0.432306
ESWNEE20171,UNB,NA,Thin Loamy,1.951517,-0.05528
ESWNEE20172,UNB,NA,Thin Loamy,1.951517,-0.05528
ESWNEE20173,UNB,NA,Thin Loamy,1.951517,-0.05528
ESWNEE20174,UNB,NA,Thin Loamy,1.951517,-0.05528
ESWNEE20181,UNB,NA,Thin Loamy,1.951517,-0.05528
ESWNEE20182,UNB,NA,Thin Loamy,1.951517,-0.05528
ESWNEE20183,UNB,NA,Thin Loamy,1.951517,-0.05528
ESWNEE20184,UNB,NA,Thin Loamy,1.951517,-0.05528
ESWNEE20191,UNB,NA,Thin Loamy,1.951517,-0.05528
ESWNEE20192,UNB,NA,Thin Loamy,1.951517,-0.05528
ESWNEE20193,UNB,NA,Thin Loamy,1.951517,-0.05528
ESWNEE20194,UNB,NA,Thin Loamy,1.951517,-0.05528
ESWNEE20201,0,SPRING,Thin Loamy,1.951517,-0.05528
ESWNEE20202,0,SPRING,Thin Loamy,1.951517,-0.05528
ESWNEE20203,0,SPRING,Thin Loamy,1.951517,-0.05528
ESWNEE20204,0,SPRING,Thin Loamy,1.951517,-0.05528
ESWNEW20171,UNB,NA,Thin Loamy,1.934229,-0.016982
ESWNEW20172,UNB,NA,Thin Loamy,1.934229,-0.016982
ESWNEW20173,UNB,NA,Thin Loamy,1.934229,-0.016982
ESWNEW20174,UNB,NA,Thin Loamy,1.934229,-0.016982
ESWNEW20181,UNB,NA,Thin Loamy,1.934229,-0.016982
ESWNEW20182,UNB,NA,Thin Loamy,1.934229,-0.016982
ESWNEW20183,UNB,NA,Thin Loamy,1.934229,-0.016982
ESWNEW20184,UNB,NA,Thin Loamy,1.934229,-0.016982
ESWNEW20191,UNB,NA,Thin Loamy,1.934229,-0.016982
ESWNEW20192,UNB,NA,Thin Loamy,1.934229,-0.016982
ESWNEW20193,UNB,NA,Thin Loamy,1.934229,-0.016982
ESWNEW20194,UNB,NA,Thin Loamy,1.934229,-0.016982
ESWNEW20201,0,SPRING,Thin Loamy,1.934229,-0.016982
ESWNEW20202,0,SPRING,Thin Loamy,1.934229,-0.016982
ESWNEW20203,0,SPRING,Thin Loamy,1.934229,-0.016982
ESWNEW20204,0,SPRING,Thin Loamy,1.934229,-0.016982
ESWNWE20171,0,SPRING,Thin Loamy,1.099299,0.917869
ESWNWE20172,0,SPRING,Thin Loamy,1.099299,0.917869
ESWNWE20173,0,SPRING,Thin Loamy,1.099299,0.917869
ESWNWE20174,0,SPRING,Thin Loamy,1.099299,0.917869
ESWNWE20181,1,SPRING,Thin Loamy,1.099299,0.917869
ESWNWE20182,1,SPRING,Thin Loamy,1.099299,0.917869
ESWNWE20183,1,SPRING,Thin Loamy,1.099299,0.917869
ESWNWE20184,1,SPRING,Thin Loamy,1.099299,0.917869
ESWNWE20191,2,SPRING,Thin Loamy,1.099299,0.917869
ESWNWE20192,2,SPRING,Thin Loamy,1.099299,0.917869
ESWNWE20193,2,SPRING,Thin Loamy,1.099299,0.917869
ESWNWE20194,2,SPRING,Thin Loamy,1.099299,0.917869
ESWNWE20201,3,SPRING,Thin Loamy,1.099299,0.917869
ESWNWE20202,3,SPRING,Thin Loamy,1.099299,0.917869
ESWNWE20203,3,SPRING,Thin Loamy,1.099299,0.917869
ESWNWE20204,3,SPRING,Thin Loamy,1.099299,0.917869
ESWNWW20171,0,SPRING,Thin Loamy,5.46808,0.907816
ESWNWW20172,0,SPRING,Thin Loamy,5.46808,0.907816
ESWNWW20173,0,SPRING,Thin Loamy,5.46808,0.907816
ESWNWW20174,0,SPRING,Thin Loamy,5.46808,0.907816
ESWNWW20181,1,SPRING,Thin Loamy,5.46808,0.907816
ESWNWW20182,1,SPRING,Thin Loamy,5.46808,0.907816
ESWNWW20183,1,SPRING,Thin Loamy,5.46808,0.907816
ESWNWW20184,1,SPRING,Thin Loamy,5.46808,0.907816
ESWNWW20191,2,SPRING,Thin Loamy,5.46808,0.907816
ESWNWW20192,2,SPRING,Thin Loamy,5.46808,0.907816
ESWNWW20193,2,SPRING,Thin Loamy,5.46808,0.907816
ESWNWW20194,2,SPRING,Thin Loamy,5.46808,0.907816
ESWNWW20201,3,SPRING,Thin Loamy,5.46808,0.907816
ESWNWW20202,3,SPRING,Thin Loamy,5.46808,0.907816
ESWNWW20203,3,SPRING,Thin Loamy,5.46808,0.907816
ESWNWW20204,3,SPRING,Thin Loamy,5.46808,0.907816
ESWSEE20171,UNB,NA,Very Shallow,3.208832,0.247673
ESWSEE20172,UNB,NA,Very Shallow,3.208832,0.247673
ESWSEE20173,UNB,NA,Very Shallow,3.208832,0.247673
ESWSEE20174,UNB,NA,Very Shallow,3.208832,0.247673
ESWSEE20181,0,SPRING,Very Shallow,3.208832,0.247673
ESWSEE20182,0,SPRING,Very Shallow,3.208832,0.247673
ESWSEE20183,0,SPRING,Very Shallow,3.208832,0.247673
ESWSEE20184,0,SPRING,Very Shallow,3.208832,0.247673
ESWSEE20191,1,SPRING,Very Shallow,3.208832,0.247673
ESWSEE20192,1,SPRING,Very Shallow,3.208832,0.247673
ESWSEE20193,1,SPRING,Very Shallow,3.208832,0.247673
ESWSEE20194,1,SPRING,Very Shallow,3.208832,0.247673
ESWSEE20201,2,SPRING,Very Shallow,3.208832,0.247673
ESWSEE20202,2,SPRING,Very Shallow,3.208832,0.247673
ESWSEE20203,2,SPRING,Very Shallow,3.208832,0.247673
ESWSEE20204,2,SPRING,Very Shallow,3.208832,0.247673
ESWSEW20171,UNB,NA,Very Shallow,1.258254,0.326625
ESWSEW20172,UNB,NA,Very Shallow,1.258254,0.326625
ESWSEW20173,UNB,NA,Very Shallow,1.258254,0.326625
ESWSEW20174,UNB,NA,Very Shallow,1.258254,0.326625
ESWSEW20181,0,SPRING,Very Shallow,1.258254,0.326625
ESWSEW20182,0,SPRING,Very Shallow,1.258254,0.326625
ESWSEW20183,0,SPRING,Very Shallow,1.258254,0.326625
ESWSEW20184,0,SPRING,Very Shallow,1.258254,0.326625
ESWSEW20191,1,SPRING,Very Shallow,1.258254,0.326625
ESWSEW20192,1,SPRING,Very Shallow,1.258254,0.326625
ESWSEW20193,1,SPRING,Very Shallow,1.258254,0.326625
ESWSEW20194,1,SPRING,Very Shallow,1.258254,0.326625
ESWSEW20201,2,SPRING,Very Shallow,1.258254,0.326625
ESWSEW20202,2,SPRING,Very Shallow,1.258254,0.326625
ESWSEW20203,2,SPRING,Very Shallow,1.258254,0.326625
ESWSEW20204,2,SPRING,Very Shallow,1.258254,0.326625
ESWSWE20171,UNB,NA,Thin Loamy,1.223096,0.722562
ESWSWE20172,UNB,NA,Thin Loamy,1.223096,0.722562
ESWSWE20173,UNB,NA,Thin Loamy,1.223096,0.722562
ESWSWE20174,UNB,NA,Thin Loamy,1.223096,0.722562
ESWSWE20181,UNB,NA,Thin Loamy,1.223096,0.722562
ESWSWE20182,UNB,NA,Thin Loamy,1.223096,0.722562
ESWSWE20183,UNB,NA,Thin Loamy,1.223096,0.722562
ESWSWE20184,UNB,NA,Thin Loamy,1.223096,0.722562
ESWSWE20191,0,SPRING,Thin Loamy,1.223096,0.722562
ESWSWE20192,0,SPRING,Thin Loamy,1.223096,0.722562
ESWSWE20193,0,SPRING,Thin Loamy,1.223096,0.722562
ESWSWE20194,0,SPRING,Thin Loamy,1.223096,0.722562
ESWSWE20201,1,SPRING,Thin Loamy,1.223096,0.722562
ESWSWE20202,1,SPRING,Thin Loamy,1.223096,0.722562
ESWSWE20203,1,SPRING,Thin Loamy,1.223096,0.722562
ESWSWE20204,1,SPRING,Thin Loamy,1.223096,0.722562
ESWSWW20171,UNB,NA,Thin Loamy,1.141764,1.552958
ESWSWW20172,UNB,NA,Thin Loamy,1.141764,1.552958
ESWSWW20173,UNB,NA,Thin Loamy,1.141764,1.552958
ESWSWW20174,UNB,NA,Thin Loamy,1.141764,1.552958
ESWSWW20181,UNB,NA,Thin Loamy,1.141764,1.552958
ESWSWW20182,UNB,NA,Thin Loamy,1.141764,1.552958
ESWSWW20183,UNB,NA,Thin Loamy,1.141764,1.552958
ESWSWW20184,UNB,NA,Thin Loamy,1.141764,1.552958
ESWSWW20191,0,SPRING,Thin Loamy,1.141764,1.552958
ESWSWW20192,0,SPRING,Thin Loamy,1.141764,1.552958
ESWSWW20193,0,SPRING,Thin Loamy,1.141764,1.552958
ESWSWW20194,0,SPRING,Thin Loamy,1.141764,1.552958
ESWSWW20201,1,SPRING,Thin Loamy,1.141764,1.552958
ESWSWW20202,1,SPRING,Thin Loamy,1.141764,1.552958
ESWSWW20203,1,SPRING,Thin Loamy,1.141764,1.552958
ESWSWW20204,1,SPRING,Thin Loamy,1.141764,1.552958
RMENEN20171,UNB,SLG,Loamy,1.041687,1.620476
RMENEN20172,UNB,SLG,Loamy,1.041687,1.620476
RMENEN20173,UNB,SLG,Loamy,1.041687,1.620476
RMENEN20174,UNB,SLG,Loamy,1.041687,1.620476
RMENEN20181,UNB,SLG,Loamy,1.041687,1.620476
RMENEN20182,UNB,SLG,Loamy,1.041687,1.620476
RMENEN20183,UNB,SLG,Loamy,1.041687,1.620476
RMENEN20184,UNB,SLG,Loamy,1.041687,1.620476
RMENEN20191,UNB,SLG,Loamy,1.041687,1.620476
RMENEN20192,UNB,SLG,Loamy,1.041687,1.620476
RMENEN20193,UNB,SLG,Loamy,1.041687,1.620476
RMENEN20194,UNB,SLG,Loamy,1.041687,1.620476
RMENEN20201,UNB,SLG,Loamy,1.041687,1.620476
RMENEN20202,UNB,SLG,Loamy,1.041687,1.620476
RMENEN20203,UNB,SLG,Loamy,1.041687,1.620476
RMENEN20204,UNB,SLG,Loamy,1.041687,1.620476
RMENES20171,UNB,SLG,Loamy,1.0812,1.470819
RMENES20172,UNB,SLG,Loamy,1.0812,1.470819
RMENES20173,UNB,SLG,Loamy,1.0812,1.470819
RMENES20174,UNB,SLG,Loamy,1.0812,1.470819
RMENES20181,UNB,SLG,Loamy,1.0812,1.470819
RMENES20182,UNB,SLG,Loamy,1.0812,1.470819
RMENES20183,UNB,SLG,Loamy,1.0812,1.470819
RMENES20184,UNB,SLG,Loamy,1.0812,1.470819
RMENES20191,UNB,SLG,Loamy,1.0812,1.470819
RMENES20192,UNB,SLG,Loamy,1.0812,1.470819
RMENES20193,UNB,SLG,Loamy,1.0812,1.470819
RMENES20194,UNB,SLG,Loamy,1.0812,1.470819
RMENES20201,UNB,SLG,Loamy,1.0812,1.470819
RMENES20202,UNB,SLG,Loamy,1.0812,1.470819
RMENES20203,UNB,SLG,Loamy,1.0812,1.470819
RMENES20204,UNB,SLG,Loamy,1.0812,1.470819
RMENWN20171,UNB,SLG,Very Shallow,2.736051,0.531854
RMENWN20172,UNB,SLG,Very Shallow,2.736051,0.531854
RMENWN20173,UNB,SLG,Very Shallow,2.736051,0.531854
RMENWN20174,UNB,SLG,Very Shallow,2.736051,0.531854
RMENWN20181,UNB,SLG,Very Shallow,2.736051,0.531854
RMENWN20182,UNB,SLG,Very Shallow,2.736051,0.531854
RMENWN20183,UNB,SLG,Very Shallow,2.736051,0.531854
RMENWN20184,UNB,SLG,Very Shallow,2.736051,0.531854
RMENWN20191,UNB,SLG,Very Shallow,2.736051,0.531854
RMENWN20192,UNB,SLG,Very Shallow,2.736051,0.531854
RMENWN20193,UNB,SLG,Very Shallow,2.736051,0.531854
RMENWN20194,UNB,SLG,Very Shallow,2.736051,0.531854
RMENWN20201,UNB,SLG,Very Shallow,2.736051,0.531854
RMENWN20202,UNB,SLG,Very Shallow,2.736051,0.531854
RMENWN20203,UNB,SLG,Very Shallow,2.736051,0.531854
RMENWN20204,UNB,SLG,Very Shallow,2.736051,0.531854
RMENWS20171,UNB,SLG,Thin Loamy,6.105791,-0.056942
RMENWS20172,UNB,SLG,Thin Loamy,6.105791,-0.056942
RMENWS20173,UNB,SLG,Thin Loamy,6.105791,-0.056942
RMENWS20174,UNB,SLG,Thin Loamy,6.105791,-0.056942
RMENWS20181,UNB,SLG,Thin Loamy,6.105791,-0.056942
RMENWS20182,UNB,SLG,Thin Loamy,6.105791,-0.056942
RMENWS20183,UNB,SLG,Thin Loamy,6.105791,-0.056942
RMENWS20184,UNB,SLG,Thin Loamy,6.105791,-0.056942
RMENWS20191,UNB,SLG,Thin Loamy,6.105791,-0.056942
RMENWS20192,UNB,SLG,Thin Loamy,6.105791,-0.056942
RMENWS20193,UNB,SLG,Thin Loamy,6.105791,-0.056942
RMENWS20194,UNB,SLG,Thin Loamy,6.105791,-0.056942
RMENWS20201,UNB,SLG,Thin Loamy,6.105791,-0.056942
RMENWS20202,UNB,SLG,Thin Loamy,6.105791,-0.056942
RMENWS20203,UNB,SLG,Thin Loamy,6.105791,-0.056942
RMENWS20204,UNB,SLG,Thin Loamy,6.105791,-0.056942
RMESEN20171,UNB,SLG,Thin Loamy,3.691795,0.943461
RMESEN20172,UNB,SLG,Thin Loamy,3.691795,0.943461
RMESEN20173,UNB,SLG,Thin Loamy,3.691795,0.943461
RMESEN20174,UNB,SLG,Thin Loamy,3.691795,0.943461
RMESEN20181,UNB,SLG,Thin Loamy,3.691795,0.943461
RMESEN20182,UNB,SLG,Thin Loamy,3.691795,0.943461
RMESEN20183,UNB,SLG,Thin Loamy,3.691795,0.943461
RMESEN20184,UNB,SLG,Thin Loamy,3.691795,0.943461
RMESEN20191,UNB,SLG,Thin Loamy,3.691795,0.943461
RMESEN20192,UNB,SLG,Thin Loamy,3.691795,0.943461
RMESEN20193,UNB,SLG,Thin Loamy,3.691795,0.943461
RMESEN20194,UNB,SLG,Thin Loamy,3.691795,0.943461
RMESEN20201,UNB,SLG,Thin Loamy,3.691795,0.943461
RMESEN20202,UNB,SLG,Thin Loamy,3.691795,0.943461
RMESEN20203,UNB,SLG,Thin Loamy,3.691795,0.943461
RMESEN20204,UNB,SLG,Thin Loamy,3.691795,0.943461
RMESES20171,UNB,SLG,Loamy,0.753535,1.868702
RMESES20172,UNB,SLG,Loamy,0.753535,1.868702
RMESES20173,UNB,SLG,Loamy,0.753535,1.868702
RMESES20174,UNB,SLG,Loamy,0.753535,1.868702
RMESES20181,UNB,SLG,Loamy,0.753535,1.868702
RMESES20182,UNB,SLG,Loamy,0.753535,1.868702
RMESES20183,UNB,SLG,Loamy,0.753535,1.868702
RMESES20184,UNB,SLG,Loamy,0.753535,1.868702
RMESES20191,UNB,SLG,Loamy,0.753535,1.868702
RMESES20192,UNB,SLG,Loamy,0.753535,1.868702
RMESES20193,UNB,SLG,Loamy,0.753535,1.868702
RMESES20194,UNB,SLG,Loamy,0.753535,1.868702
RMESES20201,UNB,SLG,Loamy,0.753535,1.868702
RMESES20202,UNB,SLG,Loamy,0.753535,1.868702
RMESES20203,UNB,SLG,Loamy,0.753535,1.868702
RMESES20204,UNB,SLG,Loamy,0.753535,1.868702
RMESWN20171,UNB,SLG,Thin Loamy,3.342952,0.237642
RMESWN20172,UNB,SLG,Thin Loamy,3.342952,0.237642
RMESWN20173,UNB,SLG,Thin Loamy,3.342952,0.237642
RMESWN20174,UNB,SLG,Thin Loamy,3.342952,0.237642
RMESWN20181,UNB,SLG,Thin Loamy,3.342952,0.237642
RMESWN20182,UNB,SLG,Thin Loamy,3.342952,0.237642
RMESWN20183,UNB,SLG,Thin Loamy,3.342952,0.237642
RMESWN20184,UNB,SLG,Thin Loamy,3.342952,0.237642
RMESWN20191,UNB,SLG,Thin Loamy,3.342952,0.237642
RMESWN20192,UNB,SLG,Thin Loamy,3.342952,0.237642
RMESWN20193,UNB,SLG,Thin Loamy,3.342952,0.237642
RMESWN20194,UNB,SLG,Thin Loamy,3.342952,0.237642
RMESWN20201,UNB,SLG,Thin Loamy,3.342952,0.237642
RMESWN20202,UNB,SLG,Thin Loamy,3.342952,0.237642
RMESWN20203,UNB,SLG,Thin Loamy,3.342952,0.237642
RMESWN20204,UNB,SLG,Thin Loamy,3.342952,0.237642
RMESWS20171,UNB,SLG,Thin Loamy,3.830629,0.045653
RMESWS20172,UNB,SLG,Thin Loamy,3.830629,0.045653
RMESWS20173,UNB,SLG,Thin Loamy,3.830629,0.045653
RMESWS20174,UNB,SLG,Thin Loamy,3.830629,0.045653
RMESWS20181,UNB,SLG,Thin Loamy,3.830629,0.045653
RMESWS20182,UNB,SLG,Thin Loamy,3.830629,0.045653
RMESWS20183,UNB,SLG,Thin Loamy,3.830629,0.045653
RMESWS20184,UNB,SLG,Thin Loamy,3.830629,0.045653
RMESWS20191,UNB,SLG,Thin Loamy,3.830629,0.045653
RMESWS20192,UNB,SLG,Thin Loamy,3.830629,0.045653
RMESWS20193,UNB,SLG,Thin Loamy,3.830629,0.045653
RMESWS20194,UNB,SLG,Thin Loamy,3.830629,0.045653
RMESWS20201,UNB,SLG,Thin Loamy,3.830629,0.045653
RMESWS20202,UNB,SLG,Thin Loamy,3.830629,0.045653
RMESWS20203,UNB,SLG,Thin Loamy,3.830629,0.045653
RMESWS20204,UNB,SLG,Thin Loamy,3.830629,0.045653
RNENEN20171,UNB,SLG,Loamy,2.560749,0.553013
RNENEN20172,UNB,SLG,Loamy,2.560749,0.553013
RNENEN20173,UNB,SLG,Loamy,2.560749,0.553013
RNENEN20174,UNB,SLG,Loamy,2.560749,0.553013
RNENEN20181,UNB,SLG,Loamy,2.560749,0.553013
RNENEN20182,UNB,SLG,Loamy,2.560749,0.553013
RNENEN20183,UNB,SLG,Loamy,2.560749,0.553013
RNENEN20184,UNB,SLG,Loamy,2.560749,0.553013
RNENEN20191,UNB,SLG,Loamy,2.560749,0.553013
RNENEN20192,UNB,SLG,Loamy,2.560749,0.553013
RNENEN20193,UNB,SLG,Loamy,2.560749,0.553013
RNENEN20194,UNB,SLG,Loamy,2.560749,0.553013
RNENEN20201,UNB,SLG,Loamy,2.560749,0.553013
RNENEN20202,UNB,SLG,Loamy,2.560749,0.553013
RNENEN20203,UNB,SLG,Loamy,2.560749,0.553013
RNENEN20204,UNB,SLG,Loamy,2.560749,0.553013
RNENES20171,UNB,SLG,Thin Loamy,2.204656,0.484329
RNENES20172,UNB,SLG,Thin Loamy,2.204656,0.484329
RNENES20173,UNB,SLG,Thin Loamy,2.204656,0.484329
RNENES20174,UNB,SLG,Thin Loamy,2.204656,0.484329
RNENES20181,UNB,SLG,Thin Loamy,2.204656,0.484329
RNENES20182,UNB,SLG,Thin Loamy,2.204656,0.484329
RNENES20183,UNB,SLG,Thin Loamy,2.204656,0.484329
RNENES20184,UNB,SLG,Thin Loamy,2.204656,0.484329
RNENES20191,UNB,SLG,Thin Loamy,2.204656,0.484329
RNENES20192,UNB,SLG,Thin Loamy,2.204656,0.484329
RNENES20193,UNB,SLG,Thin Loamy,2.204656,0.484329
RNENES20194,UNB,SLG,Thin Loamy,2.204656,0.484329
RNENES20201,UNB,SLG,Thin Loamy,2.204656,0.484329
RNENES20202,UNB,SLG,Thin Loamy,2.204656,0.484329
RNENES20203,UNB,SLG,Thin Loamy,2.204656,0.484329
RNENES20204,UNB,SLG,Thin Loamy,2.204656,0.484329
RNENWN20171,UNB,SLG,Thin Loamy,1.461728,1.561171
RNENWN20172,UNB,SLG,Thin Loamy,1.461728,1.561171
RNENWN20173,UNB,SLG,Thin Loamy,1.461728,1.561171
RNENWN20174,UNB,SLG,Thin Loamy,1.461728,1.561171
RNENWN20181,UNB,SLG,Thin Loamy,1.461728,1.561171
RNENWN20182,UNB,SLG,Thin Loamy,1.461728,1.561171
RNENWN20183,UNB,SLG,Thin Loamy,1.461728,1.561171
RNENWN20184,UNB,SLG,Thin Loamy,1.461728,1.561171
RNENWN20191,UNB,SLG,Thin Loamy,1.461728,1.561171
RNENWN20192,UNB,SLG,Thin Loamy,1.461728,1.561171
RNENWN20193,UNB,SLG,Thin Loamy,1.461728,1.561171
RNENWN20194,UNB,SLG,Thin Loamy,1.461728,1.561171
RNENWN20201,UNB,SLG,Thin Loamy,1.461728,1.561171
RNENWN20202,UNB,SLG,Thin Loamy,1.461728,1.561171
RNENWN20202,UNB,SLG,Thin Loamy,1.461728,1.561171
RNENWN20204,UNB,SLG,Thin Loamy,1.461728,1.561171
RNENWS20171,UNB,SLG,Loamy,0.539476,0.957909
RNENWS20172,UNB,SLG,Loamy,0.539476,0.957909
RNENWS20173,UNB,SLG,Loamy,0.539476,0.957909
RNENWS20174,UNB,SLG,Loamy,0.539476,0.957909
RNENWS20181,UNB,SLG,Loamy,0.539476,0.957909
RNENWS20182,UNB,SLG,Loamy,0.539476,0.957909
RNENWS20183,UNB,SLG,Loamy,0.539476,0.957909
RNENWS20184,UNB,SLG,Loamy,0.539476,0.957909
RNENWS20191,UNB,SLG,Loamy,0.539476,0.957909
RNENWS20192,UNB,SLG,Loamy,0.539476,0.957909
RNENWS20193,UNB,SLG,Loamy,0.539476,0.957909
RNENWS20194,UNB,SLG,Loamy,0.539476,0.957909
RNENWS20201,UNB,SLG,Loamy,0.539476,0.957909
RNENWS20202,UNB,SLG,Loamy,0.539476,0.957909
RNENWS20203,UNB,SLG,Loamy,0.539476,0.957909
RNENWS20204,UNB,SLG,Loamy,0.539476,0.957909
RNESEN20171,UNB,SLG,Thin Loamy,15.48186,0.114838
RNESEN20172,UNB,SLG,Thin Loamy,15.48186,0.114838
RNESEN20173,UNB,SLG,Thin Loamy,15.48186,0.114838
RNESEN20174,UNB,SLG,Thin Loamy,15.48186,0.114838
RNESEN20181,UNB,SLG,Thin Loamy,15.48186,0.114838
RNESEN20182,UNB,SLG,Thin Loamy,15.48186,0.114838
RNESEN20183,UNB,SLG,Thin Loamy,15.48186,0.114838
RNESEN20184,UNB,SLG,Thin Loamy,15.48186,0.114838
RNESEN20191,UNB,SLG,Thin Loamy,15.48186,0.114838
RNESEN20192,UNB,SLG,Thin Loamy,15.48186,0.114838
RNESEN20193,UNB,SLG,Thin Loamy,15.48186,0.114838
RNESEN20194,UNB,SLG,Thin Loamy,15.48186,0.114838
RNESEN20201,UNB,SLG,Thin Loamy,15.48186,0.114838
RNESEN20202,UNB,SLG,Thin Loamy,15.48186,0.114838
RNESEN20203,UNB,SLG,Thin Loamy,15.48186,0.114838
RNESEN20204,UNB,SLG,Thin Loamy,15.48186,0.114838
RNESES20171,UNB,SLG,Thin Loamy,3.290063,0.652784
RNESES20172,UNB,SLG,Thin Loamy,3.290063,0.652784
RNESES20173,UNB,SLG,Thin Loamy,3.290063,0.652784
RNESES20174,UNB,SLG,Thin Loamy,3.290063,0.652784
RNESES20181,UNB,SLG,Thin Loamy,3.290063,0.652784
RNESES20182,UNB,SLG,Thin Loamy,3.290063,0.652784
RNESES20183,UNB,SLG,Thin Loamy,3.290063,0.652784
RNESES20184,UNB,SLG,Thin Loamy,3.290063,0.652784
RNESES20191,UNB,SLG,Thin Loamy,3.290063,0.652784
RNESES20192,UNB,SLG,Thin Loamy,3.290063,0.652784
RNESES20193,UNB,SLG,Thin Loamy,3.290063,0.652784
RNESES20194,UNB,SLG,Thin Loamy,3.290063,0.652784
RNESES20201,UNB,SLG,Thin Loamy,3.290063,0.652784
RNESES20202,UNB,SLG,Thin Loamy,3.290063,0.652784
RNESES20203,UNB,SLG,Thin Loamy,3.290063,0.652784
RNESES20204,UNB,SLG,Thin Loamy,3.290063,0.652784
RNESWN20171,UNB,SLG,Very Shallow,8.924442,0.384242
RNESWN20172,UNB,SLG,Very Shallow,8.924442,0.384242
RNESWN20173,UNB,SLG,Very Shallow,8.924442,0.384242
RNESWN20174,UNB,SLG,Very Shallow,8.924442,0.384242
RNESWN20181,UNB,SLG,Very Shallow,8.924442,0.384242
RNESWN20182,UNB,SLG,Very Shallow,8.924442,0.384242
RNESWN20183,UNB,SLG,Very Shallow,8.924442,0.384242
RNESWN20184,UNB,SLG,Very Shallow,8.924442,0.384242
RNESWN20191,UNB,SLG,Very Shallow,8.924442,0.384242
RNESWN20192,UNB,SLG,Very Shallow,8.924442,0.384242
RNESWN20193,UNB,SLG,Very Shallow,8.924442,0.384242
RNESWN20194,UNB,SLG,Very Shallow,8.924442,0.384242
RNESWN20201,UNB,SLG,Very Shallow,8.924442,0.384242
RNESWN20202,UNB,SLG,Very Shallow,8.924442,0.384242
RNESWN20203,UNB,SLG,Very Shallow,8.924442,0.384242
RNESWN20204,UNB,SLG,Very Shallow,8.924442,0.384242
RNESWS20171,UNB,SLG,Very Shallow,5.9901,0.104895
RNESWS20172,UNB,SLG,Very Shallow,5.9901,0.104895
RNESWS20173,UNB,SLG,Very Shallow,5.9901,0.104895
RNESWS20174,UNB,SLG,Very Shallow,5.9901,0.104895
RNESWS20181,UNB,SLG,Very Shallow,5.9901,0.104895
RNESWS20182,UNB,SLG,Very Shallow,5.9901,0.104895
RNESWS20183,UNB,SLG,Very Shallow,5.9901,0.104895
RNESWS20184,UNB,SLG,Very Shallow,5.9901,0.104895
RNESWS20191,UNB,SLG,Very Shallow,5.9901,0.104895
RNESWS20192,UNB,SLG,Very Shallow,5.9901,0.104895
RNESWS20192,UNB,SLG,Very Shallow,5.9901,0.104895
RNESWS20194,UNB,SLG,Very Shallow,5.9901,0.104895
RNESWS20201,UNB,SLG,Very Shallow,5.9901,0.104895
RNESWS20202,UNB,SLG,Very Shallow,5.9901,0.104895
RNESWS20203,UNB,SLG,Very Shallow,5.9901,0.104895
RNESWS20204,UNB,SLG,Very Shallow,5.9901,0.104895
RNWNEE20171,UNB,SLG,Very Shallow,2.639709,0.571864
RNWNEE20172,UNB,SLG,Very Shallow,2.639709,0.571864
RNWNEE20173,UNB,SLG,Very Shallow,2.639709,0.571864
RNWNEE20174,UNB,SLG,Very Shallow,2.639709,0.571864
RNWNEE20181,UNB,SLG,Very Shallow,2.639709,0.571864
RNWNEE20182,UNB,SLG,Very Shallow,2.639709,0.571864
RNWNEE20183,UNB,SLG,Very Shallow,2.639709,0.571864
RNWNEE20184,UNB,SLG,Very Shallow,2.639709,0.571864
RNWNEE20191,UNB,SLG,Very Shallow,2.639709,0.571864
RNWNEE20192,UNB,SLG,Very Shallow,2.639709,0.571864
RNWNEE20193,UNB,SLG,Very Shallow,2.639709,0.571864
RNWNEE20194,UNB,SLG,Very Shallow,2.639709,0.571864
RNWNEE20201,UNB,SLG,Very Shallow,2.639709,0.571864
RNWNEE20202,UNB,SLG,Very Shallow,2.639709,0.571864
RNWNEE20203,UNB,SLG,Very Shallow,2.639709,0.571864
RNWNEE20204,UNB,SLG,Very Shallow,2.639709,0.571864
RNWNEW20171,UNB,SLG,Very Shallow,21.68059,-0.661184
RNWNEW20172,UNB,SLG,Very Shallow,21.68059,-0.661184
RNWNEW20173,UNB,SLG,Very Shallow,21.68059,-0.661184
RNWNEW20174,UNB,SLG,Very Shallow,21.68059,-0.661184
RNWNEW20181,UNB,SLG,Very Shallow,21.68059,-0.661184
RNWNEW20182,UNB,SLG,Very Shallow,21.68059,-0.661184
RNWNEW20183,UNB,SLG,Very Shallow,21.68059,-0.661184
RNWNEW20184,UNB,SLG,Very Shallow,21.68059,-0.661184
RNWNEW20191,UNB,SLG,Very Shallow,21.68059,-0.661184
RNWNEW20192,UNB,SLG,Very Shallow,21.68059,-0.661184
RNWNEW20193,UNB,SLG,Very Shallow,21.68059,-0.661184
RNWNEW20194,UNB,SLG,Very Shallow,21.68059,-0.661184
RNWNEW20201,UNB,SLG,Very Shallow,21.68059,-0.661184
RNWNEW20202,UNB,SLG,Very Shallow,21.68059,-0.661184
RNWNEW20203,UNB,SLG,Very Shallow,21.68059,-0.661184
RNWNEW20204,UNB,SLG,Very Shallow,21.68059,-0.661184
RNWNWN20171,UNB,SLG,Very Shallow,1.853695,0.250579
RNWNWN20172,UNB,SLG,Very Shallow,1.853695,0.250579
RNWNWN20173,UNB,SLG,Very Shallow,1.853695,0.250579
RNWNWN20174,UNB,SLG,Very Shallow,1.853695,0.250579
RNWNWN20181,UNB,SLG,Very Shallow,1.853695,0.250579
RNWNWN20182,UNB,SLG,Very Shallow,1.853695,0.250579
RNWNWN20183,UNB,SLG,Very Shallow,1.853695,0.250579
RNWNWN20184,UNB,SLG,Very Shallow,1.853695,0.250579
RNWNWN20191,UNB,SLG,Very Shallow,1.853695,0.250579
RNWNWN20192,UNB,SLG,Very Shallow,1.853695,0.250579
RNWNWN20193,UNB,SLG,Very Shallow,1.853695,0.250579
RNWNWN20194,UNB,SLG,Very Shallow,1.853695,0.250579
RNWNWN20201,UNB,SLG,Very Shallow,1.853695,0.250579
RNWNWN20202,UNB,SLG,Very Shallow,1.853695,0.250579
RNWNWN20203,UNB,SLG,Very Shallow,1.853695,0.250579
RNWNWN20204,UNB,SLG,Very Shallow,1.853695,0.250579
RNWNWS20171,UNB,SLG,Very Shallow,3.622038,0.40573
RNWNWS20172,UNB,SLG,Very Shallow,3.622038,0.40573
RNWNWS20173,UNB,SLG,Very Shallow,3.622038,0.40573
RNWNWS20174,UNB,SLG,Very Shallow,3.622038,0.40573
RNWNWS20181,UNB,SLG,Very Shallow,3.622038,0.40573
RNWNWS20182,UNB,SLG,Very Shallow,3.622038,0.40573
RNWNWS20183,UNB,SLG,Very Shallow,3.622038,0.40573
RNWNWS20184,UNB,SLG,Very Shallow,3.622038,0.40573
RNWNWS20191,UNB,SLG,Very Shallow,3.622038,0.40573
RNWNWS20192,UNB,SLG,Very Shallow,3.622038,0.40573
RNWNWS20193,UNB,SLG,Very Shallow,3.622038,0.40573
RNWNWS20194,UNB,SLG,Very Shallow,3.622038,0.40573
RNWNWS20201,UNB,SLG,Very Shallow,3.622038,0.40573
RNWNWS20202,UNB,SLG,Very Shallow,3.622038,0.40573
RNWNWS20203,UNB,SLG,Very Shallow,3.622038,0.40573
RNWNWS20204,UNB,SLG,Very Shallow,3.622038,0.40573
RNWSEN20171,UNB,SLG,Very Shallow,2.108543,0.683637
RNWSEN20172,UNB,SLG,Very Shallow,2.108543,0.683637
RNWSEN20173,UNB,SLG,Very Shallow,2.108543,0.683637
RNWSEN20174,UNB,SLG,Very Shallow,2.108543,0.683637
RNWSEN20181,UNB,SLG,Very Shallow,2.108543,0.683637
RNWSEN20182,UNB,SLG,Very Shallow,2.108543,0.683637
RNWSEN20183,UNB,SLG,Very Shallow,2.108543,0.683637
RNWSEN20184,UNB,SLG,Very Shallow,2.108543,0.683637
RNWSEN20191,UNB,SLG,Very Shallow,2.108543,0.683637
RNWSEN20192,UNB,SLG,Very Shallow,2.108543,0.683637
RNWSEN20193,UNB,SLG,Very Shallow,2.108543,0.683637
RNWSEN20194,UNB,SLG,Very Shallow,2.108543,0.683637
RNWSEN20201,UNB,SLG,Very Shallow,2.108543,0.683637
RNWSEN20202,UNB,SLG,Very Shallow,2.108543,0.683637
RNWSEN20203,UNB,SLG,Very Shallow,2.108543,0.683637
RNWSEN20204,UNB,SLG,Very Shallow,2.108543,0.683637
RNWSES20171,UNB,SLG,Thin Loamy,2.931917,0.545568
RNWSES20172,UNB,SLG,Thin Loamy,2.931917,0.545568
RNWSES20173,UNB,SLG,Thin Loamy,2.931917,0.545568
RNWSES20174,UNB,SLG,Thin Loamy,2.931917,0.545568
RNWSES20181,UNB,SLG,Thin Loamy,2.931917,0.545568
RNWSES20182,UNB,SLG,Thin Loamy,2.931917,0.545568
RNWSES20183,UNB,SLG,Thin Loamy,2.931917,0.545568
RNWSES20184,UNB,SLG,Thin Loamy,2.931917,0.545568
RNWSES20191,UNB,SLG,Thin Loamy,2.931917,0.545568
RNWSES20192,UNB,SLG,Thin Loamy,2.931917,0.545568
RNWSES20193,UNB,SLG,Thin Loamy,2.931917,0.545568
RNWSES20194,UNB,SLG,Thin Loamy,2.931917,0.545568
RNWSES20201,UNB,SLG,Thin Loamy,2.931917,0.545568
RNWSES20202,UNB,SLG,Thin Loamy,2.931917,0.545568
RNWSES20203,UNB,SLG,Thin Loamy,2.931917,0.545568
RNWSES20204,UNB,SLG,Thin Loamy,2.931917,0.545568
RNWSWE20171,UNB,SLG,Very Shallow,6.287318,0.036569
RNWSWE20172,UNB,SLG,Very Shallow,6.287318,0.036569
RNWSWE20173,UNB,SLG,Very Shallow,6.287318,0.036569
RNWSWE20174,UNB,SLG,Very Shallow,6.287318,0.036569
RNWSWE20181,UNB,SLG,Very Shallow,6.287318,0.036569
RNWSWE20182,UNB,SLG,Very Shallow,6.287318,0.036569
RNWSWE20183,UNB,SLG,Very Shallow,6.287318,0.036569
RNWSWE20184,UNB,SLG,Very Shallow,6.287318,0.036569
RNWSWE20191,UNB,SLG,Very Shallow,6.287318,0.036569
RNWSWE20192,UNB,SLG,Very Shallow,6.287318,0.036569
RNWSWE20193,UNB,SLG,Very Shallow,6.287318,0.036569
RNWSWE20194,UNB,SLG,Very Shallow,6.287318,0.036569
RNWSWE20201,UNB,SLG,Very Shallow,6.287318,0.036569
RNWSWE20202,UNB,SLG,Very Shallow,6.287318,0.036569
RNWSWE20203,UNB,SLG,Very Shallow,6.287318,0.036569
RNWSWE20204,UNB,SLG,Very Shallow,6.287318,0.036569
RNWSWW20171,UNB,SLG,Very Shallow,2.428433,0.185421
RNWSWW20172,UNB,SLG,Very Shallow,2.428433,0.185421
RNWSWW20173,UNB,SLG,Very Shallow,2.428433,0.185421
RNWSWW20174,UNB,SLG,Very Shallow,2.428433,0.185421
RNWSWW20181,UNB,SLG,Very Shallow,2.428433,0.185421
RNWSWW20182,UNB,SLG,Very Shallow,2.428433,0.185421
RNWSWW20183,UNB,SLG,Very Shallow,2.428433,0.185421
RNWSWW20184,UNB,SLG,Very Shallow,2.428433,0.185421
RNWSWW20191,UNB,SLG,Very Shallow,2.428433,0.185421
RNWSWW20192,UNB,SLG,Very Shallow,2.428433,0.185421
RNWSWW20193,UNB,SLG,Very Shallow,2.428433,0.185421
RNWSWW20194,UNB,SLG,Very Shallow,2.428433,0.185421
RNWSWW20201,UNB,SLG,Very Shallow,2.428433,0.185421
RNWSWW20202,UNB,SLG,Very Shallow,2.428433,0.185421
RNWSWW20203,UNB,SLG,Very Shallow,2.428433,0.185421
RNWSWW20204,UNB,SLG,Very Shallow,2.428433,0.185421
RSEMWE20171,UNB,SLG,Thin Loamy,10.64198,0.231298
RSEMWE20172,UNB,SLG,Thin Loamy,10.64198,0.231298
RSEMWE20173,UNB,SLG,Thin Loamy,10.64198,0.231298
RSEMWE20174,UNB,SLG,Thin Loamy,10.64198,0.231298
RSEMWE20181,UNB,SLG,Thin Loamy,10.64198,0.231298
RSEMWE20182,UNB,SLG,Thin Loamy,10.64198,0.231298
RSEMWE20183,UNB,SLG,Thin Loamy,10.64198,0.231298
RSEMWE20184,UNB,SLG,Thin Loamy,10.64198,0.231298
RSEMWE20191,UNB,SLG,Thin Loamy,10.64198,0.231298
RSEMWE20192,UNB,SLG,Thin Loamy,10.64198,0.231298
RSEMWE20193,UNB,SLG,Thin Loamy,10.64198,0.231298
RSEMWE20194,UNB,SLG,Thin Loamy,10.64198,0.231298
RSEMWE20201,UNB,SLG,Thin Loamy,10.64198,0.231298
RSEMWE20202,UNB,SLG,Thin Loamy,10.64198,0.231298
RSEMWE20203,UNB,SLG,Thin Loamy,10.64198,0.231298
RSEMWE20204,UNB,SLG,Thin Loamy,10.64198,0.231298
RSEMWW20171,UNB,SLG,Thin Loamy,4.762617,0.233953
RSEMWW20172,UNB,SLG,Thin Loamy,4.762617,0.233953
RSEMWW20173,UNB,SLG,Thin Loamy,4.762617,0.233953
RSEMWW20174,UNB,SLG,Thin Loamy,4.762617,0.233953
RSEMWW20181,UNB,SLG,Thin Loamy,4.762617,0.233953
RSEMWW20182,UNB,SLG,Thin Loamy,4.762617,0.233953
RSEMWW20183,UNB,SLG,Thin Loamy,4.762617,0.233953
RSEMWW20184,UNB,SLG,Thin Loamy,4.762617,0.233953
RSEMWW20191,UNB,SLG,Thin Loamy,4.762617,0.233953
RSEMWW20192,UNB,SLG,Thin Loamy,4.762617,0.233953
RSEMWW20193,UNB,SLG,Thin Loamy,4.762617,0.233953
RSEMWW20194,UNB,SLG,Thin Loamy,4.762617,0.233953
RSEMWW20201,UNB,SLG,Thin Loamy,4.762617,0.233953
RSEMWW20202,UNB,SLG,Thin Loamy,4.762617,0.233953
RSEMWW20203,UNB,SLG,Thin Loamy,4.762617,0.233953
RSEMWW20204,UNB,SLG,Thin Loamy,4.762617,0.233953
RSENWE20171,UNB,SLG,Thin Loamy,3.633485,-0.172471
RSENWE20172,UNB,SLG,Thin Loamy,3.633485,-0.172471
RSENWE20173,UNB,SLG,Thin Loamy,3.633485,-0.172471
RSENWE20174,UNB,SLG,Thin Loamy,3.633485,-0.172471
RSENWE20181,UNB,SLG,Thin Loamy,3.633485,-0.172471
RSENWE20182,UNB,SLG,Thin Loamy,3.633485,-0.172471
RSENWE20183,UNB,SLG,Thin Loamy,3.633485,-0.172471
RSENWE20184,UNB,SLG,Thin Loamy,3.633485,-0.172471
RSENWE20191,UNB,SLG,Thin Loamy,3.633485,-0.172471
RSENWE20192,UNB,SLG,Thin Loamy,3.633485,-0.172471
RSENWE20193,UNB,SLG,Thin Loamy,3.633485,-0.172471
RSENWE20194,UNB,SLG,Thin Loamy,3.633485,-0.172471
RSENWE20201,UNB,SLG,Thin Loamy,3.633485,-0.172471
RSENWE20202,UNB,SLG,Thin Loamy,3.633485,-0.172471
RSENWE20203,UNB,SLG,Thin Loamy,3.633485,-0.172471
RSENWE20204,UNB,SLG,Thin Loamy,3.633485,-0.172471
RSENWW20171,UNB,SLG,Thin Loamy,6.057661,0.203218
RSENWW20172,UNB,SLG,Thin Loamy,6.057661,0.203218
RSENWW20173,UNB,SLG,Thin Loamy,6.057661,0.203218
RSENWW20174,UNB,SLG,Thin Loamy,6.057661,0.203218
RSENWW20181,UNB,SLG,Thin Loamy,6.057661,0.203218
RSENWW20182,UNB,SLG,Thin Loamy,6.057661,0.203218
RSENWW20183,UNB,SLG,Thin Loamy,6.057661,0.203218
RSENWW20184,UNB,SLG,Thin Loamy,6.057661,0.203218
RSENWW20191,UNB,SLG,Thin Loamy,6.057661,0.203218
RSENWW20192,UNB,SLG,Thin Loamy,6.057661,0.203218
RSENWW20193,UNB,SLG,Thin Loamy,6.057661,0.203218
RSENWW20194,UNB,SLG,Thin Loamy,6.057661,0.203218
RSENWW20201,UNB,SLG,Thin Loamy,6.057661,0.203218
RSENWW20202,UNB,SLG,Thin Loamy,6.057661,0.203218
RSENWW20203,UNB,SLG,Thin Loamy,6.057661,0.203218
RSENWW20204,UNB,SLG,Thin Loamy,6.057661,0.203218
RSESEN20171,UNB,SLG,Thin Loamy,1.979417,0.702652
RSESEN20172,UNB,SLG,Thin Loamy,1.979417,0.702652
RSESEN20173,UNB,SLG,Thin Loamy,1.979417,0.702652
RSESEN20174,UNB,SLG,Thin Loamy,1.979417,0.702652
RSESEN20181,UNB,SLG,Thin Loamy,1.979417,0.702652
RSESEN20182,UNB,SLG,Thin Loamy,1.979417,0.702652
RSESEN20183,UNB,SLG,Thin Loamy,1.979417,0.702652
RSESEN20184,UNB,SLG,Thin Loamy,1.979417,0.702652
RSESEN20191,UNB,SLG,Thin Loamy,1.979417,0.702652
RSESEN20192,UNB,SLG,Thin Loamy,1.979417,0.702652
RSESEN20193,UNB,SLG,Thin Loamy,1.979417,0.702652
RSESEN20194,UNB,SLG,Thin Loamy,1.979417,0.702652
RSESEN20201,UNB,SLG,Thin Loamy,1.979417,0.702652
RSESEN20202,UNB,SLG,Thin Loamy,1.979417,0.702652
RSESEN20203,UNB,SLG,Thin Loamy,1.979417,0.702652
RSESEN20204,UNB,SLG,Thin Loamy,1.979417,0.702652
RSESES20171,UNB,SLG,Thin Loamy,1.643282,0.455703
RSESES20172,UNB,SLG,Thin Loamy,1.643282,0.455703
RSESES20173,UNB,SLG,Thin Loamy,1.643282,0.455703
RSESES20174,UNB,SLG,Thin Loamy,1.643282,0.455703
RSESES20181,UNB,SLG,Thin Loamy,1.643282,0.455703
RSESES20182,UNB,SLG,Thin Loamy,1.643282,0.455703
RSESES20183,UNB,SLG,Thin Loamy,1.643282,0.455703
RSESES20184,UNB,SLG,Thin Loamy,1.643282,0.455703
RSESES20191,UNB,SLG,Thin Loamy,1.643282,0.455703
RSESES20192,UNB,SLG,Thin Loamy,1.643282,0.455703
RSESES20193,UNB,SLG,Thin Loamy,1.643282,0.455703
RSESES20194,UNB,SLG,Thin Loamy,1.643282,0.455703
RSESES20201,UNB,SLG,Thin Loamy,1.643282,0.455703
RSESES20202,UNB,SLG,Thin Loamy,1.643282,0.455703
RSESES20203,UNB,SLG,Thin Loamy,1.643282,0.455703
RSESES20204,UNB,SLG,Thin Loamy,1.643282,0.455703
RSESWE20171,UNB,SLG,Thin Loamy,1.969756,0.697619
RSESWE20172,UNB,SLG,Thin Loamy,1.969756,0.697619
RSESWE20173,UNB,SLG,Thin Loamy,1.969756,0.697619
RSESWE20174,UNB,SLG,Thin Loamy,1.969756,0.697619
RSESWE20181,UNB,SLG,Thin Loamy,1.969756,0.697619
RSESWE20182,UNB,SLG,Thin Loamy,1.969756,0.697619
RSESWE20183,UNB,SLG,Thin Loamy,1.969756,0.697619
RSESWE20184,UNB,SLG,Thin Loamy,1.969756,0.697619
RSESWE20191,UNB,SLG,Thin Loamy,1.969756,0.697619
RSESWE20192,UNB,SLG,Thin Loamy,1.969756,0.697619
RSESWE20193,UNB,SLG,Thin Loamy,1.969756,0.697619
RSESWE20194,UNB,SLG,Thin Loamy,1.969756,0.697619
RSESWE20201,UNB,SLG,Thin Loamy,1.969756,0.697619
RSESWE20202,UNB,SLG,Thin Loamy,1.969756,0.697619
RSESWE20203,UNB,SLG,Thin Loamy,1.969756,0.697619
RSESWE20204,UNB,SLG,Thin Loamy,1.969756,0.697619
RSESWW20171,UNB,SLG,Thin Loamy,4.577345,0.193645
RSESWW20172,UNB,SLG,Thin Loamy,4.577345,0.193645
RSESWW20173,UNB,SLG,Thin Loamy,4.577345,0.193645
RSESWW20174,UNB,SLG,Thin Loamy,4.577345,0.193645
RSESWW20181,UNB,SLG,Thin Loamy,4.577345,0.193645
RSESWW20182,UNB,SLG,Thin Loamy,4.577345,0.193645
RSESWW20183,UNB,SLG,Thin Loamy,4.577345,0.193645
RSESWW20184,UNB,SLG,Thin Loamy,4.577345,0.193645
RSESWW20191,UNB,SLG,Thin Loamy,4.577345,0.193645
RSESWW20192,UNB,SLG,Thin Loamy,4.577345,0.193645
RSESWW20193,UNB,SLG,Thin Loamy,4.577345,0.193645
RSESWW20194,UNB,SLG,Thin Loamy,4.577345,0.193645
RSESWW20201,UNB,SLG,Thin Loamy,4.577345,0.193645
RSESWW20202,UNB,SLG,Thin Loamy,4.577345,0.193645
RSESWW20203,UNB,SLG,Thin Loamy,4.577345,0.193645
RSESWW20204,UNB,SLG,Thin Loamy,4.577345,0.193645
WAG10C20181,UNB,WAG,Thin Loamy,6.315809,0.497769
WAG10C20182,UNB,WAG,Thin Loamy,6.315809,0.497769
WAG10C20183,UNB,WAG,Thin Loamy,6.315809,0.497769
WAG10C20184,UNB,WAG,Thin Loamy,6.315809,0.497769
WAG10C20191,UNB,WAG,Thin Loamy,6.315809,0.497769
WAG10C20192,UNB,WAG,Thin Loamy,6.315809,0.497769
WAG10C20193,UNB,WAG,Thin Loamy,6.315809,0.497769
WAG10C20194,UNB,WAG,Thin Loamy,6.315809,0.497769
WAG10C20201,UNB,WAG,Thin Loamy,6.315809,0.497769
WAG10C20202,UNB,WAG,Thin Loamy,6.315809,0.497769
WAG10C20203,UNB,WAG,Thin Loamy,6.315809,0.497769
WAG10C20204,UNB,WAG,Thin Loamy,6.315809,0.497769
WAG10E20181,UNB,WAG,Thin Loamy,2.300104,1.180866
WAG10E20182,UNB,WAG,Thin Loamy,2.300104,1.180866
WAG10E20183,UNB,WAG,Thin Loamy,2.300104,1.180866
WAG10E20184,UNB,WAG,Thin Loamy,2.300104,1.180866
WAG10E20191,UNB,WAG,Thin Loamy,2.300104,1.180866
WAG10E20193,UNB,WAG,Thin Loamy,2.300104,1.180866
WAG10E20192,UNB,WAG,Thin Loamy,2.300104,1.180866
WAG10E20194,UNB,WAG,Thin Loamy,2.300104,1.180866
WAG10E20201,UNB,WAG,Thin Loamy,2.300104,1.180866
WAG10E20202,UNB,WAG,Thin Loamy,2.300104,1.180866
WAG10E20203,UNB,WAG,Thin Loamy,2.300104,1.180866
WAG10E20204,UNB,WAG,Thin Loamy,2.300104,1.180866
WAG11C20181,UNB,WAG,Thin Loamy,0.612841,0.321145
WAG11C20182,UNB,WAG,Thin Loamy,0.612841,0.321145
WAG11C20183,UNB,WAG,Thin Loamy,0.612841,0.321145
WAG11C20184,UNB,WAG,Thin Loamy,0.612841,0.321145
WAG11C20191,UNB,WAG,Thin Loamy,0.612841,0.321145
WAG11C20192,UNB,WAG,Thin Loamy,0.612841,0.321145
WAG11C20193,UNB,WAG,Thin Loamy,0.612841,0.321145
WAG11C20194,UNB,WAG,Thin Loamy,0.612841,0.321145
WAG11C20201,UNB,WAG,Thin Loamy,0.612841,0.321145
WAG11C20202,UNB,WAG,Thin Loamy,0.612841,0.321145
WAG11C20203,UNB,WAG,Thin Loamy,0.612841,0.321145
WAG11C20204,UNB,WAG,Thin Loamy,0.612841,0.321145
WAG11E20181,UNB,WAG,Thin Loamy,2.498614,1.409414
WAG11E20182,UNB,WAG,Thin Loamy,2.498614,1.409414
WAG11E20183,UNB,WAG,Thin Loamy,2.498614,1.409414
WAG11E20184,UNB,WAG,Thin Loamy,2.498614,1.409414
WAG11E20191,UNB,WAG,Thin Loamy,2.498614,1.409414
WAG11E20192,UNB,WAG,Thin Loamy,2.498614,1.409414
WAG11E20193,UNB,WAG,Thin Loamy,2.498614,1.409414
WAG11E20194,UNB,WAG,Thin Loamy,2.498614,1.409414
WAG11E20201,UNB,WAG,Thin Loamy,2.498614,1.409414
WAG11E20202,UNB,WAG,Thin Loamy,2.498614,1.409414
WAG11E20203,UNB,WAG,Thin Loamy,2.498614,1.409414
WAG11E20204,UNB,WAG,Thin Loamy,2.498614,1.409414
WAG12C20181,UNB,WAG,Thin Loamy,1.761157,0.918332
WAG12C20182,UNB,WAG,Thin Loamy,1.761157,0.918332
WAG12C20183,UNB,WAG,Thin Loamy,1.761157,0.918332
WAG12C20184,UNB,WAG,Thin Loamy,1.761157,0.918332
WAG12C20191,UNB,WAG,Thin Loamy,1.761157,0.918332
WAG12C20192,UNB,WAG,Thin Loamy,1.761157,0.918332
WAG12C20193,UNB,WAG,Thin Loamy,1.761157,0.918332
WAG12C20194,UNB,WAG,Thin Loamy,1.761157,0.918332
WAG12C20201,UNB,WAG,Thin Loamy,1.761157,0.918332
WAG12C20202,UNB,WAG,Thin Loamy,1.761157,0.918332
WAG12C20203,UNB,WAG,Thin Loamy,1.761157,0.918332
WAG12C20204,UNB,WAG,Thin Loamy,1.761157,0.918332
WAG12E20181,UNB,WAG,Thin Loamy,2.693402,0.910323
WAG12E20182,UNB,WAG,Thin Loamy,2.693402,0.910323
WAG12E20183,UNB,WAG,Thin Loamy,2.693402,0.910323
WAG12E20184,UNB,WAG,Thin Loamy,2.693402,0.910323
WAG12E20191,UNB,WAG,Thin Loamy,2.693402,0.910323
WAG12E20192,UNB,WAG,Thin Loamy,2.693402,0.910323
WAG12E20193,UNB,WAG,Thin Loamy,2.693402,0.910323
WAG12E20194,UNB,WAG,Thin Loamy,2.693402,0.910323
WAG12E20201,UNB,WAG,Thin Loamy,2.693402,0.910323
WAG12E20202,UNB,WAG,Thin Loamy,2.693402,0.910323
WAG12E20203,UNB,WAG,Thin Loamy,2.693402,0.910323
WAG12E20204,UNB,WAG,Thin Loamy,2.693402,0.910323
WAG13C20181,UNB,WAG,Thin Loamy,1.489644,0.98918
WAG13C20182,UNB,WAG,Thin Loamy,1.489644,0.98918
WAG13C20183,UNB,WAG,Thin Loamy,1.489644,0.98918
WAG13C20184,UNB,WAG,Thin Loamy,1.489644,0.98918
WAG13C20191,UNB,WAG,Thin Loamy,1.489644,0.98918
WAG13C20192,UNB,WAG,Thin Loamy,1.489644,0.98918
WAG13C20193,UNB,WAG,Thin Loamy,1.489644,0.98918
WAG13C20194,UNB,WAG,Thin Loamy,1.489644,0.98918
WAG13C20201,UNB,WAG,Thin Loamy,1.489644,0.98918
WAG13C20202,UNB,WAG,Thin Loamy,1.489644,0.98918
WAG13C20203,UNB,WAG,Thin Loamy,1.489644,0.98918
WAG13C20204,UNB,WAG,Thin Loamy,1.489644,0.98918
WAG13E20181,UNB,WAG,Thin Loamy,5.165814,0.790977
WAG13E20182,UNB,WAG,Thin Loamy,5.165814,0.790977
WAG13E20183,UNB,WAG,Thin Loamy,5.165814,0.790977
WAG13E20184,UNB,WAG,Thin Loamy,5.165814,0.790977
WAG13E20191,UNB,WAG,Thin Loamy,5.165814,0.790977
WAG13E20192,UNB,WAG,Thin Loamy,5.165814,0.790977
WAG13E20193,UNB,WAG,Thin Loamy,5.165814,0.790977
WAG13E20194,UNB,WAG,Thin Loamy,5.165814,0.790977
WAG13E20201,UNB,WAG,Thin Loamy,5.165814,0.790977
WAG13E20202,UNB,WAG,Thin Loamy,5.165814,0.790977
WAG13E20203,UNB,WAG,Thin Loamy,5.165814,0.790977
WAG13E20204,UNB,WAG,Thin Loamy,5.165814,0.790977
WAG14C20181,UNB,WAG,Loamy,1.714481,1.111072
WAG14C20182,UNB,WAG,Loamy,1.714481,1.111072
WAG14C20183,UNB,WAG,Loamy,1.714481,1.111072
WAG14C20184,UNB,WAG,Loamy,1.714481,1.111072
WAG14C20191,UNB,WAG,Loamy,1.714481,1.111072
WAG14C20192,UNB,WAG,Loamy,1.714481,1.111072
WAG14C20193,UNB,WAG,Loamy,1.714481,1.111072
WAG14C20194,UNB,WAG,Loamy,1.714481,1.111072
WAG14C20201,UNB,WAG,Loamy,1.714481,1.111072
WAG14C20202,UNB,WAG,Loamy,1.714481,1.111072
WAG14C20203,UNB,WAG,Loamy,1.714481,1.111072
WAG14C20204,UNB,WAG,Loamy,1.714481,1.111072
WAG14E20181,UNB,WAG,Loamy,2.255448,0.999194
WAG14E20182,UNB,WAG,Loamy,2.255448,0.999194
WAG14E20183,UNB,WAG,Loamy,2.255448,0.999194
WAG14E20184,UNB,WAG,Loamy,2.255448,0.999194
WAG14E20191,UNB,WAG,Loamy,2.255448,0.999194
WAG14E20192,UNB,WAG,Loamy,2.255448,0.999194
WAG14E20193,UNB,WAG,Loamy,2.255448,0.999194
WAG14E20194,UNB,WAG,Loamy,2.255448,0.999194
WAG14E20201,UNB,WAG,Loamy,2.255448,0.999194
WAG14E20202,UNB,WAG,Loamy,2.255448,0.999194
WAG14E20203,UNB,WAG,Loamy,2.255448,0.999194
WAG14E20204,UNB,WAG,Loamy,2.255448,0.999194
WAG15C20181,UNB,WAG,Loamy,0.652873,1.1448
WAG15C20182,UNB,WAG,Loamy,0.652873,1.1448
WAG15C20183,UNB,WAG,Loamy,0.652873,1.1448
WAG15C20184,UNB,WAG,Loamy,0.652873,1.1448
WAG15C20191,UNB,WAG,Loamy,0.652873,1.1448
WAG15C20192,UNB,WAG,Loamy,0.652873,1.1448
WAG15C20193,UNB,WAG,Loamy,0.652873,1.1448
WAG15C20194,UNB,WAG,Loamy,0.652873,1.1448
WAG15C20201,UNB,WAG,Loamy,0.652873,1.1448
WAG15C20202,UNB,WAG,Loamy,0.652873,1.1448
WAG15C20203,UNB,WAG,Loamy,0.652873,1.1448
WAG15C20204,UNB,WAG,Loamy,0.652873,1.1448
WAG15E20181,UNB,WAG,Loamy,0.303154,1.126028
WAG15E20182,UNB,WAG,Loamy,0.303154,1.126028
WAG15E20183,UNB,WAG,Loamy,0.303154,1.126028
WAG15E20184,UNB,WAG,Loamy,0.303154,1.126028
WAG15E20191,UNB,WAG,Loamy,0.303154,1.126028
WAG15E20192,UNB,WAG,Loamy,0.303154,1.126028
WAG15E20193,UNB,WAG,Loamy,0.303154,1.126028
WAG15E20194,UNB,WAG,Loamy,0.303154,1.126028
WAG15E20201,UNB,WAG,Loamy,0.303154,1.126028
WAG15E20202,UNB,WAG,Loamy,0.303154,1.126028
WAG15E20203,UNB,WAG,Loamy,0.303154,1.126028
WAG15E20204,UNB,WAG,Loamy,0.303154,1.126028
WAG16C20181,UNB,WAG,Thin Loamy,1.026901,0.493976
WAG16C20182,UNB,WAG,Thin Loamy,1.026901,0.493976
WAG16C20183,UNB,WAG,Thin Loamy,1.026901,0.493976
WAG16C20184,UNB,WAG,Thin Loamy,1.026901,0.493976
WAG16C20191,UNB,WAG,Thin Loamy,1.026901,0.493976
WAG16C20192,UNB,WAG,Thin Loamy,1.026901,0.493976
WAG16C20193,UNB,WAG,Thin Loamy,1.026901,0.493976
WAG16C20194,UNB,WAG,Thin Loamy,1.026901,0.493976
WAG16C20201,UNB,WAG,Thin Loamy,1.026901,0.493976
WAG16C20202,UNB,WAG,Thin Loamy,1.026901,0.493976
WAG16C20203,UNB,WAG,Thin Loamy,1.026901,0.493976
WAG16C20204,UNB,WAG,Thin Loamy,1.026901,0.493976
WAG16E20181,UNB,WAG,Thin Loamy,1.155625,0.505831
WAG16E20182,UNB,WAG,Thin Loamy,1.155625,0.505831
WAG16E20183,UNB,WAG,Thin Loamy,1.155625,0.505831
WAG16E20184,UNB,WAG,Thin Loamy,1.155625,0.505831
WAG16E20191,UNB,WAG,Thin Loamy,1.155625,0.505831
WAG16E20192,UNB,WAG,Thin Loamy,1.155625,0.505831
WAG16E20193,UNB,WAG,Thin Loamy,1.155625,0.505831
WAG16E20194,UNB,WAG,Thin Loamy,1.155625,0.505831
WAG16E20201,UNB,WAG,Thin Loamy,1.155625,0.505831
WAG16E20202,UNB,WAG,Thin Loamy,1.155625,0.505831
WAG16E20203,UNB,WAG,Thin Loamy,1.155625,0.505831
WAG16E20204,UNB,WAG,Thin Loamy,1.155625,0.505831
WAG1C20181,UNB,WAG,Loamy,0.188872,1.148172
WAG1C20182,UNB,WAG,Loamy,0.188872,1.148172
WAG1C20183,UNB,WAG,Loamy,0.188872,1.148172
WAG1C20184,UNB,WAG,Loamy,0.188872,1.148172
WAG1C20191,UNB,WAG,Loamy,0.188872,1.148172
WAG1C20192,UNB,WAG,Loamy,0.188872,1.148172
WAG1C20193,UNB,WAG,Loamy,0.188872,1.148172
WAG1C20194,UNB,WAG,Loamy,0.188872,1.148172
WAG1C20201,UNB,WAG,Loamy,0.188872,1.148172
WAG1C20202,UNB,WAG,Loamy,0.188872,1.148172
WAG1C20203,UNB,WAG,Loamy,0.188872,1.148172
WAG1C20204,UNB,WAG,Loamy,0.188872,1.148172
WAG1E20181,UNB,WAG,Thin Loamy,0.189751,1.302465
WAG1E20182,UNB,WAG,Thin Loamy,0.189751,1.302465
WAG1E20183,UNB,WAG,Thin Loamy,0.189751,1.302465
WAG1E20184,UNB,WAG,Thin Loamy,0.189751,1.302465
WAG1E20191,UNB,WAG,Thin Loamy,0.189751,1.302465
WAG1E20192,UNB,WAG,Thin Loamy,0.189751,1.302465
WAG1E20193,UNB,WAG,Thin Loamy,0.189751,1.302465
WAG1E20194,UNB,WAG,Thin Loamy,0.189751,1.302465
WAG1E20201,UNB,WAG,Thin Loamy,0.189751,1.302465
WAG1E20202,UNB,WAG,Thin Loamy,0.189751,1.302465
WAG1E20203,UNB,WAG,Thin Loamy,0.189751,1.302465
WAG1E20204,UNB,WAG,Thin Loamy,0.189751,1.302465
WAG2C20181,UNB,WAG,Loamy,0.870298,1.065367
WAG2C20182,UNB,WAG,Loamy,0.870298,1.065367
WAG2C20183,UNB,WAG,Loamy,0.870298,1.065367
WAG2C20184,UNB,WAG,Loamy,0.870298,1.065367
WAG2C20191,UNB,WAG,Loamy,0.870298,1.065367
WAG2C20192,UNB,WAG,Loamy,0.870298,1.065367
WAG2C20193,UNB,WAG,Loamy,0.870298,1.065367
WAG2C20194,UNB,WAG,Loamy,0.870298,1.065367
WAG2C20201,UNB,WAG,Loamy,0.870298,1.065367
WAG2C20202,UNB,WAG,Loamy,0.870298,1.065367
WAG2C20203,UNB,WAG,Loamy,0.870298,1.065367
WAG2C20204,UNB,WAG,Loamy,0.870298,1.065367
WAG2E20181,UNB,WAG,Thin Loamy,3.895015,0.16986
WAG2E20182,UNB,WAG,Thin Loamy,3.895015,0.16986
WAG2E20183,UNB,WAG,Thin Loamy,3.895015,0.16986
WAG2E20184,UNB,WAG,Thin Loamy,3.895015,0.16986
WAG2E20191,UNB,WAG,Thin Loamy,3.895015,0.16986
WAG2E20192,UNB,WAG,Thin Loamy,3.895015,0.16986
WAG2E20193,UNB,WAG,Thin Loamy,3.895015,0.16986
WAG2E20194,UNB,WAG,Thin Loamy,3.895015,0.16986
WAG2E20201,UNB,WAG,Thin Loamy,3.895015,0.16986
WAG2E20202,UNB,WAG,Thin Loamy,3.895015,0.16986
WAG2E20203,UNB,WAG,Thin Loamy,3.895015,0.16986
WAG2E20204,UNB,WAG,Thin Loamy,3.895015,0.16986
WAG3C20181,UNB,WAG,Loamy,0.488464,1.251405
WAG3C20182,UNB,WAG,Loamy,0.488464,1.251405
WAG3C20183,UNB,WAG,Loamy,0.488464,1.251405
WAG3C20184,UNB,WAG,Loamy,0.488464,1.251405
WAG3C20191,UNB,WAG,Loamy,0.488464,1.251405
WAG3C20192,UNB,WAG,Loamy,0.488464,1.251405
WAG3C20193,UNB,WAG,Loamy,0.488464,1.251405
WAG3C20194,UNB,WAG,Loamy,0.488464,1.251405
WAG3C20201,UNB,WAG,Loamy,0.488464,1.251405
WAG3C20202,UNB,WAG,Loamy,0.488464,1.251405
WAG3C20203,UNB,WAG,Loamy,0.488464,1.251405
WAG3C20204,UNB,WAG,Loamy,0.488464,1.251405
WAG3E20181,UNB,WAG,Loamy,0.428215,1.125848
WAG3E20182,UNB,WAG,Loamy,0.428215,1.125848
WAG3E20183,UNB,WAG,Loamy,0.428215,1.125848
WAG3E20184,UNB,WAG,Loamy,0.428215,1.125848
WAG3E20191,UNB,WAG,Loamy,0.428215,1.125848
WAG3E20192,UNB,WAG,Loamy,0.428215,1.125848
WAG3E20193,UNB,WAG,Loamy,0.428215,1.125848
WAG3E20194,UNB,WAG,Loamy,0.428215,1.125848
WAG3E20201,UNB,WAG,Loamy,0.428215,1.125848
WAG3E20202,UNB,WAG,Loamy,0.428215,1.125848
WAG3E20203,UNB,WAG,Loamy,0.428215,1.125848
WAG3E20204,UNB,WAG,Loamy,0.428215,1.125848
WAG4C20181,UNB,WAG,Thin Loamy,0.908129,0.657946
WAG4C20182,UNB,WAG,Thin Loamy,0.908129,0.657946
WAG4C20183,UNB,WAG,Thin Loamy,0.908129,0.657946
WAG4C20184,UNB,WAG,Thin Loamy,0.908129,0.657946
WAG4C20191,UNB,WAG,Thin Loamy,0.908129,0.657946
WAG4C20192,UNB,WAG,Thin Loamy,0.908129,0.657946
WAG4C20193,UNB,WAG,Thin Loamy,0.908129,0.657946
WAG4C20194,UNB,WAG,Thin Loamy,0.908129,0.657946
WAG4C20201,UNB,WAG,Thin Loamy,0.908129,0.657946
WAG4C20202,UNB,WAG,Thin Loamy,0.908129,0.657946
WAG4C20203,UNB,WAG,Thin Loamy,0.908129,0.657946
WAG4C20204,UNB,WAG,Thin Loamy,0.908129,0.657946
WAG4E20181,UNB,WAG,Loamy,1.030881,1.496904
WAG4E20182,UNB,WAG,Loamy,1.030881,1.496904
WAG4E20183,UNB,WAG,Loamy,1.030881,1.496904
WAG4E20184,UNB,WAG,Loamy,1.030881,1.496904
WAG4E20191,UNB,WAG,Loamy,1.030881,1.496904
WAG4E20192,UNB,WAG,Loamy,1.030881,1.496904
WAG4E20193,UNB,WAG,Loamy,1.030881,1.496904
WAG4E20194,UNB,WAG,Loamy,1.030881,1.496904
WAG4E20201,UNB,WAG,Loamy,1.030881,1.496904
WAG4E20202,UNB,WAG,Loamy,1.030881,1.496904
WAG4E20203,UNB,WAG,Loamy,1.030881,1.496904
WAG4E20204,UNB,WAG,Loamy,1.030881,1.496904
WAG5C20181,UNB,WAG,Loamy,2.102568,0.567286
WAG5C20182,UNB,WAG,Loamy,2.102568,0.567286
WAG5C20183,UNB,WAG,Loamy,2.102568,0.567286
WAG5C20184,UNB,WAG,Loamy,2.102568,0.567286
WAG5C20191,UNB,WAG,Loamy,2.102568,0.567286
WAG5C20192,UNB,WAG,Loamy,2.102568,0.567286
WAG5C20193,UNB,WAG,Loamy,2.102568,0.567286
WAG5C20194,UNB,WAG,Loamy,2.102568,0.567286
WAG5C20201,UNB,WAG,Loamy,2.102568,0.567286
WAG5C20202,UNB,WAG,Loamy,2.102568,0.567286
WAG5C20203,UNB,WAG,Loamy,2.102568,0.567286
WAG5C20204,UNB,WAG,Loamy,2.102568,0.567286
WAG5E20181,UNB,WAG,Thin Loamy,1.960477,0.913549
WAG5E20182,UNB,WAG,Thin Loamy,1.960477,0.913549
WAG5E20183,UNB,WAG,Thin Loamy,1.960477,0.913549
WAG5E20184,UNB,WAG,Thin Loamy,1.960477,0.913549
WAG5E20191,UNB,WAG,Thin Loamy,1.960477,0.913549
WAG5E20192,UNB,WAG,Thin Loamy,1.960477,0.913549
WAG5E20193,UNB,WAG,Thin Loamy,1.960477,0.913549
WAG5E20194,UNB,WAG,Thin Loamy,1.960477,0.913549
WAG5E20201,UNB,WAG,Thin Loamy,1.960477,0.913549
WAG5E20202,UNB,WAG,Thin Loamy,1.960477,0.913549
WAG5E20203,UNB,WAG,Thin Loamy,1.960477,0.913549
WAG5E20204,UNB,WAG,Thin Loamy,1.960477,0.913549
WAG6C20181,UNB,WAG,Thin Loamy,0.348063,0.745583
WAG6C20182,UNB,WAG,Thin Loamy,0.348063,0.745583
WAG6C20183,UNB,WAG,Thin Loamy,0.348063,0.745583
WAG6C20184,UNB,WAG,Thin Loamy,0.348063,0.745583
WAG6C20191,UNB,WAG,Thin Loamy,0.348063,0.745583
WAG6C20192,UNB,WAG,Thin Loamy,0.348063,0.745583
WAG6C20193,UNB,WAG,Thin Loamy,0.348063,0.745583
WAG6C20194,UNB,WAG,Thin Loamy,0.348063,0.745583
WAG6C20201,UNB,WAG,Thin Loamy,0.348063,0.745583
WAG6C20202,UNB,WAG,Thin Loamy,0.348063,0.745583
WAG6C20203,UNB,WAG,Thin Loamy,0.348063,0.745583
WAG6C20204,UNB,WAG,Thin Loamy,0.348063,0.745583
WAG6E20181,UNB,WAG,Very Shallow,1.421489,0.765125
WAG6E20182,UNB,WAG,Very Shallow,1.421489,0.765125
WAG6E20183,UNB,WAG,Very Shallow,1.421489,0.765125
WAG6E20184,UNB,WAG,Very Shallow,1.421489,0.765125
WAG6E20191,UNB,WAG,Very Shallow,1.421489,0.765125
WAG6E20192,UNB,WAG,Very Shallow,1.421489,0.765125
WAG6E20193,UNB,WAG,Very Shallow,1.421489,0.765125
WAG6E20194,UNB,WAG,Very Shallow,1.421489,0.765125
WAG6E20201,UNB,WAG,Very Shallow,1.421489,0.765125
WAG6E20202,UNB,WAG,Very Shallow,1.421489,0.765125
WAG6E20203,UNB,WAG,Very Shallow,1.421489,0.765125
WAG6E20204,UNB,WAG,Very Shallow,1.421489,0.765125
WAG7C20181,UNB,WAG,Loamy,4.224488,0.577841
WAG7C20182,UNB,WAG,Loamy,4.224488,0.577841
WAG7C20183,UNB,WAG,Loamy,4.224488,0.577841
WAG7C20184,UNB,WAG,Loamy,4.224488,0.577841
WAG7C20191,UNB,WAG,Loamy,4.224488,0.577841
WAG7C20192,UNB,WAG,Loamy,4.224488,0.577841
WAG7C20193,UNB,WAG,Loamy,4.224488,0.577841
WAG7C20194,UNB,WAG,Loamy,4.224488,0.577841
WAG7C20201,UNB,WAG,Loamy,4.224488,0.577841
WAG7C20202,UNB,WAG,Loamy,4.224488,0.577841
WAG7C20203,UNB,WAG,Loamy,4.224488,0.577841
WAG7C20204,UNB,WAG,Loamy,4.224488,0.577841
WAG7E20181,UNB,WAG,Very Shallow,2.204702,1.522334
WAG7E20182,UNB,WAG,Very Shallow,2.204702,1.522334
WAG7E20183,UNB,WAG,Very Shallow,2.204702,1.522334
WAG7E20184,UNB,WAG,Very Shallow,2.204702,1.522334
WAG7E20191,UNB,WAG,Very Shallow,2.204702,1.522334
WAG7E20192,UNB,WAG,Very Shallow,2.204702,1.522334
WAG7E20193,UNB,WAG,Very Shallow,2.204702,1.522334
WAG7E20194,UNB,WAG,Very Shallow,2.204702,1.522334
WAG7E20201,UNB,WAG,Very Shallow,2.204702,1.522334
WAG7E20202,UNB,WAG,Very Shallow,2.204702,1.522334
WAG7E20203,UNB,WAG,Very Shallow,2.204702,1.522334
WAG7E20204,UNB,WAG,Very Shallow,2.204702,1.522334
WAG8C20181,UNB,WAG,Thin Loamy,3.234406,1.407288
WAG8C20182,UNB,WAG,Thin Loamy,3.234406,1.407288
WAG8C20183,UNB,WAG,Thin Loamy,3.234406,1.407288
WAG8C20184,UNB,WAG,Thin Loamy,3.234406,1.407288
WAG8C20191,UNB,WAG,Thin Loamy,3.234406,1.407288
WAG8C20192,UNB,WAG,Thin Loamy,3.234406,1.407288
WAG8C20193,UNB,WAG,Thin Loamy,3.234406,1.407288
WAG8C20194,UNB,WAG,Thin Loamy,3.234406,1.407288
WAG8C20201,UNB,WAG,Thin Loamy,3.234406,1.407288
WAG8C20202,UNB,WAG,Thin Loamy,3.234406,1.407288
WAG8C20203,UNB,WAG,Thin Loamy,3.234406,1.407288
WAG8C20204,UNB,WAG,Thin Loamy,3.234406,1.407288
WAG8E20181,UNB,WAG,Loamy,2.83869,1.168618
WAG8E20182,UNB,WAG,Loamy,2.83869,1.168618
WAG8E20183,UNB,WAG,Loamy,2.83869,1.168618
WAG8E20184,UNB,WAG,Loamy,2.83869,1.168618
WAG8E20191,UNB,WAG,Loamy,2.83869,1.168618
WAG8E20192,UNB,WAG,Loamy,2.83869,1.168618
WAG8E20193,UNB,WAG,Loamy,2.83869,1.168618
WAG8E20194,UNB,WAG,Loamy,2.83869,1.168618
WAG8E20201,UNB,WAG,Loamy,2.83869,1.168618
WAG8E20202,UNB,WAG,Loamy,2.83869,1.168618
WAG8E20203,UNB,WAG,Loamy,2.83869,1.168618
WAG8E20204,UNB,WAG,Loamy,2.83869,1.168618
WAG9C20181,UNB,WAG,Loamy,5.967023,0.566006
WAG9C20182,UNB,WAG,Loamy,5.967023,0.566006
WAG9C20183,UNB,WAG,Loamy,5.967023,0.566006
WAG9C20184,UNB,WAG,Loamy,5.967023,0.566006
WAG9C20191,UNB,WAG,Loamy,5.967023,0.566006
WAG9C20192,UNB,WAG,Loamy,5.967023,0.566006
WAG9C20193,UNB,WAG,Loamy,5.967023,0.566006
WAG9C20194,UNB,WAG,Loamy,5.967023,0.566006
WAG9C20201,UNB,WAG,Loamy,5.967023,0.566006
WAG9C20202,UNB,WAG,Loamy,5.967023,0.566006
WAG9C20203,UNB,WAG,Loamy,5.967023,0.566006
WAG9C20204,UNB,WAG,Loamy,5.967023,0.566006
WAG9E20181,UNB,WAG,Loamy,4.219102,1.179586
WAG9E20182,UNB,WAG,Loamy,4.219102,1.179586
WAG9E20183,UNB,WAG,Loamy,4.219102,1.179586
WAG9E20184,UNB,WAG,Loamy,4.219102,1.179586
WAG9E20191,UNB,WAG,Loamy,4.219102,1.179586
WAG9E20192,UNB,WAG,Loamy,4.219102,1.179586
WAG9E20193,UNB,WAG,Loamy,4.219102,1.179586
WAG9E20194,UNB,WAG,Loamy,4.219102,1.179586
WAG9E20201,UNB,WAG,Loamy,4.219102,1.179586
WAG9E20202,UNB,WAG,Loamy,4.219102,1.179586
WAG9E20203,UNB,WAG,Loamy,4.219102,1.179586
WAG9E20204,UNB,WAG,Loamy,4.219102,1.179586
